iteration,global_step,mean_return,mean_length,completed_episodes,policy_loss,value_loss,entropy,approx_kl,explained_variance,ep_pursuit,ep_damage,ep_distance,ep_terminal,elapsed_sec
1,99996,-11.7841,391.1,252,0.02234,0.20000,6.9769,0.01206,0.6375,0.0000,-0.0019,-11.7822,0.0000,123.65
2,199992,-10.3814,374.6,269,-0.00301,0.17515,7.1739,0.01183,0.5409,0.0000,0.0019,-9.7514,-0.6320,119.43
3,299988,-11.9754,410.9,241,-0.02059,0.10445,7.2241,0.01184,0.6450,0.0000,-0.0002,-12.0168,0.0415,117.78
4,399984,-14.8511,475.8,211,-0.00817,0.10350,7.1143,0.01202,0.6862,0.0000,0.0063,-14.9048,0.0474,116.82
5,499980,-17.3640,525.4,190,-0.00056,0.12477,7.1526,0.01106,0.7539,0.0000,0.0000,-16.8377,-0.5263,116.20
6,599976,-21.8796,706.7,136,0.00328,0.12013,7.1397,0.01231,0.8029,0.0000,-0.0050,-21.1393,-0.7353,115.13
7,699972,-25.1617,905.0,112,0.00395,0.03787,7.0867,0.01190,0.8427,0.0000,0.0011,-24.4485,-0.7143,115.03
8,799968,-25.5098,1059.9,94,0.00378,0.02598,7.0419,0.01209,0.8570,0.0000,0.0030,-24.1298,-1.3830,114.27
9,899964,-29.5978,1314.3,74,0.02018,0.00445,7.1171,0.01131,0.8937,0.0000,0.0000,-28.7870,-0.8108,113.89
10,999960,-27.1651,1567.0,64,-0.00246,0.00322,7.0831,0.01119,0.9154,0.0000,0.0005,-27.9469,0.7812,114.45
11,1099956,-24.3672,1670.5,56,-0.00544,0.00152,7.0483,0.01132,0.9228,0.0000,0.0000,-24.5458,0.1786,112.97
12,1199952,-20.5990,1786.4,57,0.01081,0.00770,7.0329,0.01086,0.9412,0.0000,0.0041,-20.6032,0.0000,113.06
13,1299948,-18.1503,1761.4,56,-0.00366,0.00623,6.9777,0.01074,0.9265,0.0000,-0.0032,-17.9685,-0.1786,113.15
14,1399944,-19.7428,1831.8,54,0.00886,0.00094,6.9689,0.01086,0.9407,0.0000,0.0000,-20.4835,0.7407,114.30
15,1499940,-15.2223,1635.0,61,0.00661,0.00154,6.9785,0.01106,0.9155,0.0000,-0.0031,-14.8914,-0.3279,114.29
16,1599936,-14.1944,1720.6,55,0.01471,0.00215,6.9245,0.01064,0.9468,0.0000,0.0170,-11.8477,-2.3636,113.35
17,1699932,-9.5311,1639.6,61,-0.00727,0.00254,6.9378,0.01062,0.8913,0.0000,-0.0000,-8.8754,-0.6557,113.33
18,1799928,-9.3620,1688.1,60,0.00456,0.10134,6.8949,0.01015,0.9075,0.0000,0.0000,-9.3620,0.0000,113.24
19,1899924,-9.5894,1801.3,55,-0.00879,0.01357,6.8897,0.01078,0.9363,0.0000,-0.0122,-7.7590,-1.8182,113.55
20,1999920,-4.9470,1793.4,54,-0.01358,0.02392,6.8563,0.00994,0.9369,0.0000,-0.0001,-4.9469,0.0000,113.38
21,2099916,-1.9210,1923.1,50,0.01347,0.00324,6.8650,0.00998,0.9440,0.0000,0.0054,-3.1264,1.2000,113.26
22,2199912,-3.4944,1964.1,48,-0.00965,0.00232,6.8293,0.00917,0.9436,0.0000,0.0000,-3.7027,0.2083,113.30
23,2299908,-1.0684,1943.5,54,0.02468,0.00298,6.8165,0.00958,0.9495,0.0000,0.0000,-1.2536,0.1852,113.51
24,2399904,0.9922,1963.6,50,-0.01496,0.00286,6.7886,0.00946,0.9421,0.0000,-0.0001,0.5923,0.4000,113.06
25,2499900,-0.8314,1943.7,52,0.00050,0.00335,6.7689,0.00878,0.9431,0.0000,0.0152,-0.8466,0.0000,114.02
26,2599896,0.9629,2000.0,48,-0.00355,0.00367,6.7937,0.00871,0.9577,0.0000,-0.0042,0.9671,0.0000,113.77
27,2699892,0.6716,1965.9,49,0.00151,0.00453,6.7580,0.00910,0.9476,0.0000,0.0038,0.6678,0.0000,113.51
28,2799888,0.8447,1971.2,50,-0.00609,0.00253,6.7223,0.00891,0.9384,0.0000,0.0032,0.4415,0.4000,113.13
29,2899884,1.7322,1937.3,53,-0.00477,0.00223,6.7273,0.00876,0.9293,0.0000,0.0136,1.3412,0.3774,113.79
30,2999880,1.1457,1979.6,51,-0.00701,0.00222,6.7264,0.00894,0.9602,0.0000,-0.0014,1.3431,-0.1961,114.02
31,3099876,2.1367,1988.5,48,-0.00710,0.00220,6.6617,0.00888,0.9496,0.0000,0.0066,2.1300,0.0000,113.50
32,3199872,1.3967,2000.0,48,-0.01173,0.00193,6.6258,0.00864,0.9613,0.0000,0.0678,1.3289,0.0000,113.63
33,3299868,1.7288,1996.3,50,0.00795,0.00162,6.6039,0.00867,0.9544,0.0000,-0.0112,1.5400,0.2000,113.16
34,3399864,1.8607,2000.0,52,-0.01423,0.00197,6.6209,0.00860,0.9659,0.0000,-0.0076,1.8683,0.0000,113.27
35,3499860,1.1038,1983.3,49,-0.00355,0.00165,6.5711,0.00881,0.9609,0.0000,-0.0002,1.3081,-0.2041,113.09
36,3599856,1.8452,2000.0,48,0.00642,0.00223,6.4981,0.00850,0.9644,0.0000,0.0153,1.8299,0.0000,113.58
37,3699852,1.5733,2000.0,48,0.00660,0.00270,6.5704,0.00870,0.9699,0.0000,0.0071,1.5663,0.0000,113.95
38,3799848,1.7904,2000.0,48,0.00165,0.00143,6.5105,0.00872,0.9648,0.0000,0.0090,1.7814,0.0000,113.54
39,3899844,2.2588,2000.0,54,-0.00272,0.00207,6.4376,0.00832,0.9664,0.0000,0.0314,2.2274,0.0000,113.53
40,3999840,2.5070,2000.0,48,-0.01779,0.00125,6.4447,0.00831,0.9667,0.0000,-0.0077,2.5147,0.0000,113.68
41,4099836,2.4918,2000.0,48,-0.01020,0.00172,6.4616,0.00852,0.9719,0.0000,0.0240,2.4678,0.0000,113.56
42,4199832,2.1714,2000.0,48,-0.00276,0.00126,6.3602,0.00841,0.9745,0.0000,-0.0047,2.1761,0.0000,113.81
43,4299828,2.4965,2000.0,48,0.00053,0.00131,6.3496,0.00824,0.9737,0.0000,-0.0049,2.5014,0.0000,114.17
44,4399824,2.5761,2000.0,54,-0.01148,0.00187,6.3272,0.00807,0.9719,0.0000,-0.0145,2.5906,0.0000,113.79
45,4499820,2.8426,2000.0,48,0.01313,0.00129,6.3132,0.00826,0.9713,0.0000,0.0349,2.8077,0.0000,115.77
46,4599816,2.9163,2000.0,48,-0.00616,0.00132,6.3026,0.00841,0.9708,0.0000,0.0187,2.8977,0.0000,113.59
47,4699812,2.7836,2000.0,48,-0.00143,0.00231,6.3091,0.00796,0.9728,0.0000,0.0130,2.7706,0.0000,113.96
48,4799808,3.0438,2000.0,48,0.00352,0.00104,6.2313,0.00823,0.9724,0.0000,0.0173,3.0264,0.0000,113.75
49,4899804,3.1149,2000.0,54,-0.00281,0.00157,6.2631,0.00838,0.9762,0.0000,0.0033,3.1116,0.0000,113.39
50,4999800,3.2597,2000.0,48,-0.01055,0.00095,6.2918,0.00793,0.9697,0.0000,0.1185,3.1412,0.0000,113.36
51,5099796,3.1069,2000.0,48,-0.00895,0.00121,6.1782,0.00820,0.9776,0.0000,0.0401,3.0668,0.0000,113.56
52,5199792,3.0802,2000.0,48,-0.00763,0.00161,6.1878,0.00825,0.9744,0.0000,0.0057,3.0746,0.0000,114.77
53,5299788,2.9921,2000.0,48,-0.00777,0.00077,6.1851,0.00796,0.9758,0.0000,-0.0216,3.0138,0.0000,113.44
54,5399784,2.9188,2000.0,54,0.00222,0.00113,6.2306,0.00774,0.9772,0.0000,0.0713,2.8475,0.0000,114.23
55,5499780,3.3901,2000.0,48,0.00599,0.00073,6.1745,0.00780,0.9755,0.0000,0.0628,3.3272,0.0000,113.95
56,5599776,3.6533,2000.0,48,0.00516,0.00079,6.1964,0.00775,0.9803,0.0000,0.0290,3.6243,0.0000,113.94
57,5699772,3.7617,2000.0,48,-0.02409,0.00076,6.2176,0.00774,0.9790,0.0000,0.0182,3.7435,0.0000,114.59
58,5799768,3.4385,2000.0,48,0.00528,0.00085,6.0760,0.00779,0.9753,0.0000,0.0509,3.3877,0.0000,113.62
59,5899764,3.7698,2000.0,54,0.00397,0.00096,6.0785,0.00793,0.9786,0.0000,0.0619,3.7080,0.0000,114.12
60,5999760,3.7146,2000.0,48,0.00446,0.00077,6.0826,0.00740,0.9798,0.0000,0.0675,3.6471,0.0000,113.59
61,6099756,3.7414,2000.0,48,-0.02076,0.00120,6.0213,0.00769,0.9808,0.0000,0.0325,3.7090,0.0000,114.32
62,6199752,3.9173,2000.0,48,0.00691,0.00098,6.0137,0.00737,0.9805,0.0000,0.0116,3.9057,0.0000,113.69
63,6299748,3.9030,2000.0,48,-0.00390,0.00062,5.9984,0.00784,0.9785,0.0000,0.0919,3.8111,0.0000,113.75
64,6399744,4.0110,2000.0,54,-0.01509,0.00050,6.0250,0.00758,0.9822,0.0000,0.0454,3.9655,0.0000,113.81
65,6499740,3.8891,2000.0,48,-0.01358,0.00091,5.9388,0.00735,0.9767,0.0000,0.0958,3.7933,0.0000,114.58
66,6599736,3.8937,2000.0,48,0.00054,0.00053,5.9845,0.00750,0.9806,0.0000,0.0616,3.8321,0.0000,114.66
67,6699732,4.1557,2000.0,48,-0.01672,0.00117,5.9185,0.00732,0.9822,0.0000,0.1154,4.0402,0.0000,113.69
68,6799728,4.1518,2000.0,48,-0.01301,0.00071,5.8695,0.00748,0.9839,0.0000,0.0071,4.1447,0.0000,113.90
69,6899724,4.0936,2000.0,54,-0.01928,0.00062,5.8404,0.00740,0.9865,0.0000,0.0018,4.0918,0.0000,114.26
70,6999720,4.0260,2000.0,48,0.00543,0.00050,5.9187,0.00751,0.9839,0.0000,0.0501,3.9759,0.0000,113.85
71,7099716,4.0612,2000.0,48,-0.00984,0.00062,5.7851,0.00729,0.9842,0.0000,0.0298,4.0314,0.0000,113.96
72,7199712,4.1096,2000.0,48,-0.00056,0.00053,5.7073,0.00738,0.9815,0.0000,0.0213,4.0883,0.0000,113.48
73,7299708,4.0712,2000.0,48,0.00329,0.00087,5.8075,0.00731,0.9855,0.0000,0.0245,4.0467,0.0000,114.59
74,7399704,4.1541,2000.0,54,-0.00669,0.00051,5.8510,0.00756,0.9891,0.0000,-0.0092,4.1633,0.0000,114.59
75,7499700,4.1858,2000.0,48,-0.01152,0.00037,5.8110,0.00717,0.9882,0.0000,0.0067,4.1792,0.0000,113.98
76,7599696,4.1408,2000.0,48,0.00361,0.00065,5.7781,0.00730,0.9848,0.0000,0.0290,4.1118,0.0000,113.44
77,7699692,4.2057,2000.0,48,-0.00878,0.00047,5.6400,0.00712,0.9857,0.0000,-0.0037,4.2093,0.0000,113.43
78,7799688,4.1504,2000.0,48,-0.00755,0.00062,5.7326,0.00693,0.9831,0.0000,0.0056,4.1447,0.0000,113.74
79,7899684,4.2427,2000.0,54,0.00652,0.00136,5.6337,0.00719,0.9846,0.0000,0.0016,4.2411,0.0000,114.23
80,7999680,4.2422,2000.0,48,-0.00566,0.00047,5.6812,0.00707,0.9875,0.0000,0.0070,4.2352,0.0000,113.88
81,8099676,4.1264,2000.0,48,0.01650,0.00075,5.5249,0.00718,0.9845,0.0000,0.1000,4.0265,0.0000,114.28
82,8199672,4.2372,2000.0,48,0.00756,0.00053,5.4920,0.00721,0.9842,0.0000,0.0334,4.2038,0.0000,113.43
83,8299668,4.3510,2000.0,48,0.01022,0.00039,5.6314,0.00699,0.9873,0.0000,-0.0167,4.3677,0.0000,113.85
84,8399664,4.3149,2000.0,54,-0.02512,0.00050,5.5941,0.00682,0.9904,0.0000,0.0072,4.3077,0.0000,113.94
85,8499660,4.2945,2000.0,48,-0.00730,0.00071,5.5759,0.00695,0.9872,0.0000,0.0455,4.2489,0.0000,113.91
86,8599656,4.2595,2000.0,48,-0.00294,0.00055,5.5005,0.00718,0.9885,0.0000,-0.0039,4.2634,0.0000,113.62
87,8699652,4.2951,2000.0,48,0.00488,0.00072,5.6294,0.00688,0.9886,0.0000,0.0964,4.1988,0.0000,114.09
88,8799648,4.2450,2000.0,48,-0.01315,0.00058,5.5064,0.00674,0.9864,0.0000,0.0481,4.1969,0.0000,113.67
89,8899644,4.1727,2000.0,54,-0.00981,0.00062,5.3836,0.00672,0.9884,0.0000,0.0306,4.1420,0.0000,114.95
90,8999640,4.1312,2000.0,48,-0.02193,0.00053,5.4935,0.00706,0.9872,0.0000,-0.0325,4.1637,0.0000,114.06
91,9099636,4.2038,2000.0,48,0.01098,0.00059,5.3205,0.00691,0.9870,0.0000,0.0436,4.1603,0.0000,114.01
92,9199632,4.2942,2000.0,48,0.00635,0.00036,5.3749,0.00681,0.9908,0.0000,0.0019,4.2923,0.0000,113.58
93,9299628,4.3336,2000.0,48,-0.01458,0.00054,5.4064,0.00702,0.9926,0.0000,-0.0105,4.3441,0.0000,114.31
94,9399624,4.3575,2000.0,54,-0.00221,0.00049,5.3198,0.00669,0.9907,0.0000,0.0192,4.3382,0.0000,114.83
95,9499620,4.3337,2000.0,48,-0.01450,0.00034,5.3931,0.00667,0.9915,0.0000,0.0360,4.2978,0.0000,113.87
96,9599616,4.2643,2000.0,48,-0.00519,0.00034,5.2547,0.00652,0.9907,0.0000,0.0099,4.2544,0.0000,113.60
97,9699612,4.3513,2000.0,48,0.00807,0.00057,5.3430,0.00678,0.9905,0.0000,0.0421,4.3093,0.0000,113.24
98,9799608,4.3020,2000.0,48,-0.01644,0.00050,5.3379,0.00677,0.9894,0.0000,0.0937,4.2084,0.0000,113.58
99,9899604,4.3047,2000.0,54,-0.02302,0.00057,5.1653,0.00665,0.9899,0.0000,0.0371,4.2676,0.0000,113.75
100,9999600,4.2795,2000.0,48,-0.00535,0.00057,5.1272,0.00667,0.9886,0.0000,0.0139,4.2656,0.0000,113.87
101,10099596,4.2333,2000.0,48,-0.00741,0.00067,5.2390,0.00647,0.9918,0.0000,0.0427,4.1906,0.0000,113.61
102,10199592,4.2094,2000.0,48,-0.00719,0.00114,5.1568,0.00659,0.9903,0.0000,0.0243,4.1851,0.0000,114.13
103,10299588,4.1068,2000.0,48,-0.00446,0.00070,5.1173,0.00660,0.9852,0.0000,-0.0365,4.1433,0.0000,113.89
104,10399584,4.2284,2000.0,54,-0.02687,0.00047,5.0173,0.00633,0.9905,0.0000,0.0427,4.1857,0.0000,113.52
105,10499580,4.3158,2000.0,48,0.00120,0.00075,5.1999,0.00630,0.9908,0.0000,0.0611,4.2547,0.0000,113.82
106,10599576,4.2381,2000.0,48,0.00181,0.00051,4.9658,0.00636,0.9887,0.0000,0.0089,4.2292,0.0000,113.87
107,10699572,4.2596,2000.0,48,0.00057,0.00089,5.0246,0.00648,0.9888,0.0000,0.0482,4.2114,0.0000,113.37
108,10799568,4.2259,2000.0,48,0.00558,0.00033,4.9652,0.00637,0.9899,0.0000,-0.0031,4.2290,0.0000,113.27
109,10899564,4.3084,2000.0,54,-0.01293,0.00040,4.9990,0.00590,0.9913,0.0000,0.0189,4.2895,0.0000,113.51
110,10999560,4.2467,2000.0,48,0.00569,0.00075,4.8728,0.00606,0.9902,0.0000,0.0037,4.2430,0.0000,113.79
111,11099556,4.3569,2000.0,48,-0.00444,0.00053,5.0177,0.00613,0.9907,0.0000,0.0796,4.2773,0.0000,113.71
112,11199552,4.3179,2000.0,48,0.00324,0.00051,4.8682,0.00589,0.9890,0.0000,0.1154,4.2025,0.0000,114.57
113,11299548,4.3173,2000.0,48,0.00190,0.00040,4.8689,0.00620,0.9909,0.0000,0.0011,4.3162,0.0000,113.37
114,11399544,4.3312,2000.0,54,-0.01045,0.00030,4.8554,0.00590,0.9909,0.0000,-0.0153,4.3465,0.0000,113.17
115,11499540,4.3031,2000.0,48,0.00423,0.00050,4.8395,0.00641,0.9908,0.0000,-0.0087,4.3118,0.0000,113.87
116,11599536,4.4614,2000.0,48,0.00342,0.00047,4.9103,0.00588,0.9900,0.0000,0.0690,4.3924,0.0000,113.43
117,11699532,4.4308,2000.0,48,0.00066,0.00065,4.7645,0.00619,0.9891,0.0000,0.0108,4.4200,0.0000,113.81
118,11799528,4.3166,2000.0,48,-0.01900,0.00104,4.8560,0.00589,0.9855,0.0000,0.0135,4.3032,0.0000,113.90
119,11899524,4.4854,2000.0,54,0.00990,0.00054,4.7578,0.00591,0.9918,0.0000,0.0592,4.4262,0.0000,113.66
120,11999520,4.4038,2000.0,48,-0.01478,0.00039,4.8349,0.00604,0.9897,0.0000,0.0292,4.3746,0.0000,113.90
121,12099516,4.4919,2000.0,48,-0.00640,0.00140,4.7834,0.00585,0.9894,0.0000,0.0857,4.4062,0.0000,113.43
122,12199512,4.4915,2000.0,48,-0.00757,0.00043,4.8656,0.00635,0.9905,0.0000,0.0504,4.4411,0.0000,113.58
123,12299508,4.4457,2000.0,48,-0.01955,0.00083,4.8373,0.00588,0.9910,0.0000,-0.0071,4.4528,0.0000,113.76
124,12399504,4.4651,2000.0,54,-0.01244,0.00059,4.7761,0.00621,0.9900,0.0000,0.0866,4.3785,0.0000,113.89
125,12499500,4.4031,2000.0,48,-0.01330,0.00092,4.6821,0.00598,0.9885,0.0000,-0.0253,4.4284,0.0000,113.96
126,12599496,4.5320,2000.0,48,0.00029,0.00050,4.6880,0.00598,0.9911,0.0000,0.0767,4.4553,0.0000,113.79
127,12699492,4.4926,2000.0,48,-0.02304,0.00083,4.6531,0.00603,0.9908,0.0000,-0.0062,4.4988,0.0000,113.26
128,12799488,4.4863,2000.0,48,-0.01563,0.00040,4.7339,0.00589,0.9913,0.0000,-0.0117,4.4981,0.0000,114.41
129,12899484,4.5523,2000.0,54,0.00131,0.00036,4.7498,0.00587,0.9923,0.0000,0.0292,4.5231,0.0000,114.88
130,12999480,4.5031,2000.0,48,0.00159,0.00048,4.7168,0.00575,0.9909,0.0000,-0.0223,4.5254,0.0000,113.39
131,13099476,4.5167,2000.0,48,-0.00187,0.00066,4.6551,0.00567,0.9908,0.0000,-0.0003,4.5170,0.0000,113.74
132,13199472,4.5101,2000.0,48,0.00513,0.00050,4.5735,0.00590,0.9911,0.0000,0.0210,4.4891,0.0000,114.47
133,13299468,4.4927,2000.0,48,-0.00459,0.00042,4.6099,0.00579,0.9868,0.0000,0.0339,4.4587,0.0000,116.81
134,13399464,4.5710,2000.0,54,-0.00683,0.00049,4.7621,0.00515,0.9900,0.0000,0.0838,4.4872,0.0000,114.20
135,13499460,4.5395,2000.0,48,-0.01775,0.00040,4.6946,0.00555,0.9907,0.0000,0.0344,4.5051,0.0000,113.91
136,13599456,4.5093,2000.0,48,0.00823,0.00039,4.5011,0.00574,0.9908,0.0000,0.0182,4.4911,0.0000,113.47
137,13699452,4.5431,2000.0,48,-0.00635,0.00029,4.6777,0.00545,0.9915,0.0000,0.0192,4.5239,0.0000,113.69
138,13799448,4.5530,2000.0,48,-0.00603,0.00033,4.5318,0.00558,0.9904,0.0000,0.0191,4.5339,0.0000,113.70
139,13899444,4.5212,2000.0,54,-0.00506,0.00059,4.5904,0.00523,0.9915,0.0000,-0.0303,4.5515,0.0000,117.16
140,13999440,4.6000,2000.0,48,-0.00111,0.00037,4.5972,0.00528,0.9904,0.0000,0.0495,4.5505,0.0000,113.72
141,14099436,4.5374,2000.0,48,0.00648,0.00045,4.5070,0.00563,0.9927,0.0000,0.0071,4.5303,0.0000,113.00
142,14199432,4.4988,2000.0,48,0.00051,0.00041,4.6276,0.00514,0.9911,0.0000,-0.0190,4.5178,0.0000,114.09
143,14299428,4.5509,2000.0,48,-0.00410,0.00034,4.5780,0.00546,0.9916,0.0000,-0.0003,4.5512,0.0000,113.11
144,14399424,4.5472,2000.0,54,-0.01186,0.00038,4.4591,0.00540,0.9900,0.0000,0.0646,4.4825,0.0000,113.88
145,14499420,4.5730,2000.0,48,-0.01918,0.00035,4.4951,0.00512,0.9903,0.0000,0.0502,4.5228,0.0000,113.61
146,14599416,4.5236,2000.0,48,-0.00957,0.00060,4.4458,0.00554,0.9909,0.0000,0.0084,4.5152,0.0000,113.87
147,14699412,4.5480,2000.0,48,0.00879,0.00044,4.5451,0.00550,0.9913,0.0000,0.0034,4.5446,0.0000,113.98
148,14799408,4.4680,2000.0,48,-0.01095,0.00035,4.6272,0.00530,0.9877,0.0000,-0.0108,4.4788,0.0000,113.55
149,14899404,4.5602,2000.0,54,0.00478,0.00066,4.4707,0.00554,0.9912,0.0000,0.0135,4.5467,0.0000,114.00
150,14999400,4.6205,2000.0,48,-0.00101,0.00093,4.4638,0.00518,0.9884,0.0000,0.0549,4.5657,0.0000,113.58
151,15099396,4.5831,2000.0,48,0.01588,0.00040,4.4487,0.00541,0.9922,0.0000,0.0145,4.5687,0.0000,113.46
152,15199392,4.5856,2000.0,48,-0.00929,0.00052,4.3515,0.00532,0.9885,0.0000,0.0785,4.5071,0.0000,113.54
153,15299388,4.5852,2000.0,48,0.00919,0.00041,4.5532,0.00507,0.9893,0.0000,0.0363,4.5489,0.0000,113.82
154,15399384,4.5658,2000.0,54,0.00908,0.00046,4.4902,0.00527,0.9912,0.0000,0.0355,4.5303,0.0000,113.64
155,15499380,4.5426,2000.0,48,-0.00763,0.00047,4.3960,0.00536,0.9899,0.0000,0.0353,4.5073,0.0000,113.60
156,15599376,4.5639,2000.0,48,-0.00508,0.00056,4.4856,0.00493,0.9905,0.0000,0.0189,4.5451,0.0000,113.36
157,15699372,4.4032,2000.0,48,-0.00019,0.00065,4.5338,0.00489,0.9893,0.0000,0.0046,4.3986,0.0000,113.71
158,15799368,4.5409,2000.0,48,-0.00250,0.00043,4.3187,0.00466,0.9915,0.0000,0.0371,4.5037,0.0000,113.72
159,15899364,4.6465,2000.0,54,-0.00797,0.00078,4.3906,0.00505,0.9902,0.0000,0.0889,4.5576,0.0000,113.87
160,15999360,4.5502,2000.0,48,0.00569,0.00050,4.4161,0.00506,0.9905,0.0000,0.0246,4.5256,0.0000,114.16
161,16099356,4.5902,2000.0,48,-0.00148,0.00056,4.3466,0.00495,0.9914,0.0000,0.0237,4.5665,0.0000,113.49
162,16199352,4.5350,2000.0,48,-0.01042,0.00057,4.3898,0.00493,0.9896,0.0000,0.0157,4.5193,0.0000,113.39
163,16299348,4.5083,2000.0,48,-0.00119,0.00068,4.4325,0.00489,0.9888,0.0000,0.0178,4.4905,0.0000,113.69
164,16399344,4.6015,2000.0,54,-0.00048,0.00058,4.4670,0.00472,0.9900,0.0000,0.0883,4.5132,0.0000,113.51
165,16499340,4.5097,2000.0,48,-0.00665,0.00045,4.4188,0.00455,0.9903,0.0000,-0.0041,4.5138,0.0000,113.32
166,16599336,4.5459,2000.0,48,-0.00099,0.00083,4.3856,0.00475,0.9920,0.0000,-0.0202,4.5662,0.0000,113.68
167,16699332,4.5398,2000.0,48,-0.00939,0.00024,4.3142,0.00509,0.9922,0.0000,-0.0041,4.5439,0.0000,115.27
168,16799328,4.6195,2000.0,48,-0.02945,0.00064,4.3807,0.00476,0.9921,0.0000,0.0514,4.5681,0.0000,115.03
169,16899324,4.5398,2000.0,54,0.00278,0.00055,4.4287,0.00442,0.9906,0.0000,0.0235,4.5163,0.0000,113.84
170,16999320,4.5101,2000.0,48,0.00044,0.00120,4.3987,0.00460,0.9904,0.0000,0.0568,4.4534,0.0000,113.41
171,17099316,4.5427,2000.0,48,0.00900,0.00026,4.3120,0.00437,0.9930,0.0000,-0.0069,4.5496,0.0000,112.92
172,17199312,4.5390,2000.0,48,-0.00724,0.00066,4.3235,0.00450,0.9909,0.0000,-0.0028,4.5418,0.0000,112.93
173,17299308,4.6104,2000.0,48,-0.00598,0.00061,4.3438,0.00472,0.9915,0.0000,0.0464,4.5640,0.0000,113.40
174,17399304,4.6537,2000.0,54,-0.00058,0.00050,4.3027,0.00454,0.9915,0.0000,0.0627,4.5910,0.0000,113.48
175,17499300,4.5496,2000.0,48,0.00158,0.00066,4.3613,0.00433,0.9880,0.0000,0.0217,4.5279,0.0000,115.01
176,17599296,4.6263,2000.0,48,-0.00846,0.00046,4.4776,0.00421,0.9905,0.0000,0.0454,4.5809,0.0000,116.18
177,17699292,4.5943,2000.0,48,0.01161,0.00053,4.5638,0.00377,0.9898,0.0000,0.0422,4.5520,0.0000,115.58
178,17799288,4.5690,2000.0,48,-0.00151,0.00036,4.4440,0.00399,0.9901,0.0000,0.0099,4.5591,0.0000,112.88
179,17899284,4.6324,2000.0,54,-0.01285,0.00069,4.5135,0.00428,0.9900,0.0000,0.0516,4.5808,0.0000,113.97
180,17999280,4.6242,2000.0,48,-0.01629,0.00046,4.4223,0.00415,0.9924,0.0000,0.0060,4.6182,0.0000,113.14
181,18099276,4.6537,2000.0,48,-0.00716,0.00058,4.3784,0.00354,0.9888,0.0000,0.0302,4.6235,0.0000,113.03
182,18199272,4.5911,2000.0,48,-0.00143,0.00041,4.3938,0.00406,0.9918,0.0000,-0.0024,4.5935,0.0000,114.25
183,18299268,4.6250,2000.0,48,0.00272,0.00037,4.4256,0.00356,0.9910,0.0000,-0.0042,4.6292,0.0000,113.26
184,18399264,4.5634,2000.0,54,-0.01488,0.00078,4.5514,0.00382,0.9919,0.0000,0.0323,4.5312,0.0000,113.21
185,18499260,4.5889,2000.0,48,-0.00426,0.00043,4.4981,0.00389,0.9919,0.0000,-0.0048,4.5937,0.0000,112.95
186,18599256,4.5436,2000.0,48,-0.01288,0.00051,4.2962,0.00360,0.9924,0.0000,-0.0140,4.5576,0.0000,113.58
187,18699252,4.6484,2000.0,48,0.00260,0.00047,4.4605,0.00301,0.9913,0.0000,0.0333,4.6151,0.0000,113.36
188,18799248,4.6099,2000.0,48,-0.01314,0.00062,4.4141,0.00294,0.9928,0.0000,0.0174,4.5925,0.0000,113.73
189,18899244,4.6017,2000.0,54,-0.01177,0.00067,4.4642,0.00273,0.9898,0.0000,0.0561,4.5456,0.0000,113.03
190,18999240,4.5573,2000.0,48,0.01103,0.00093,4.4312,0.00266,0.9914,0.0000,-0.0169,4.5741,0.0000,113.79
191,19099236,4.6723,2000.0,48,-0.00935,0.00068,4.4376,0.00233,0.9918,0.0000,0.0463,4.6260,0.0000,113.26
192,19199232,4.6340,2000.0,48,-0.01352,0.00045,4.5595,0.00246,0.9917,0.0000,0.0241,4.6099,0.0000,113.91
193,19299228,4.5974,2000.0,48,0.01070,0.00050,4.4221,0.00176,0.9903,0.0000,0.0117,4.5857,0.0000,113.17
194,19399224,4.6735,2000.0,54,-0.00869,0.00028,4.4589,0.00143,0.9928,0.0000,0.0427,4.6308,0.0000,113.31
195,19499220,4.6243,2000.0,48,-0.00491,0.00045,4.4931,0.00109,0.9924,0.0000,-0.0129,4.6372,0.0000,113.07
196,19599216,4.6489,2000.0,48,-0.00246,0.00039,4.3904,0.00079,0.9926,0.0000,0.0322,4.6167,0.0000,113.18
197,19699212,4.5298,2000.0,48,-0.00441,0.00111,4.3257,0.00043,0.9898,0.0000,0.0339,4.4959,0.0000,113.44
198,19799208,4.6373,2000.0,48,-0.00413,0.00040,4.3682,0.00032,0.9922,0.0000,0.0352,4.6021,0.0000,113.07
199,19899204,4.6546,2000.0,54,-0.00034,0.00048,4.4773,0.00010,0.9917,0.0000,0.0242,4.6303,0.0000,113.88
200,19999200,4.5832,2000.0,48,-0.00048,0.00043,4.4320,0.00003,0.9924,0.0000,0.0070,4.5761,0.0000,113.32
