Time,Longitude,Latitude,Altitude,Roll (deg),Pitch (deg),Yaw (deg),Health
0.0,128.181881,37.923871,7000.208097600001,0.0,-0.08,0.0,1.0
0.1,128.181881,37.924141,7000.2522936,0.0,-0.201,0.0,1.0
0.2,128.181881,37.924411,7000.261437600001,0.0,-0.316,0.0,1.0
0.3,128.181881,37.924682,7000.2340056,0.001,-0.422,0.0,1.0
0.4,128.181881,37.924952,7000.168473600001,0.001,-0.521,0.0,1.0
0.5,128.181881,37.925224,7000.0636224,0.002,-0.615,0.0,1.0
0.6,128.181881,37.925495,6999.9188424,0.004,-0.705,0.0,1.0
0.7,128.181881,37.925767,6999.7332192,0.005,-0.792,0.0,1.0
0.8,128.181881,37.92604,6999.5070576,0.007,-0.876,0.001,1.0
0.9,128.181881,37.926312,6999.239748,0.008,-0.959,0.001,1.0
1.0,128.181881,37.926585,6998.9306808,0.01,-1.041,0.001,1.0
1.1,128.181881,37.926858,6998.580465600001,0.012,-1.121,0.001,1.0
1.2,128.181881,37.927132,6998.188797600001,0.014,-1.201,0.002,1.0
1.3,128.181881,37.927406,6997.7556768,0.016,-1.28,0.002,1.0
1.4,128.181881,37.92768,6997.2807984,0.018,-1.359,0.002,1.0
1.5,128.181881,37.927955,6996.7644672,0.021,-1.436,0.003,1.0
1.6,128.181881,37.92823,6996.206988000001,0.023,-1.514,0.003,1.0
1.7,128.181881,37.928505,6995.607751200001,0.026,-1.591,0.003,1.0
1.8,128.181881,37.928781,6994.9673664,0.028,-1.667,0.004,1.0
1.9,128.181881,37.929057,6994.285833600001,0.031,-1.743,0.004,1.0
2.0,128.181881,37.929334,6993.562848,0.034,-1.819,0.004,1.0
2.1,128.181881,37.92961,6992.798714400001,0.037,-1.894,0.005,1.0
2.2,128.181882,37.929888,6991.993432800001,0.04,-1.969,0.005,1.0
2.3,128.181882,37.930165,6991.1473080000005,0.043,-2.043,0.005,1.0
2.4,128.181882,37.930443,6990.26034,0.046,-2.117,0.006,1.0
2.5,128.181882,37.930721,6989.332528800001,0.049,-2.191,0.006,1.0
2.6,128.181882,37.931,6988.363874400001,0.052,-2.264,0.006,1.0
2.7,128.181882,37.931279,6987.354681600001,0.055,-2.337,0.007,1.0
2.8,128.181882,37.931559,6986.3046456,0.059,-2.409,0.007,1.0
2.9,128.181882,37.931839,6985.214376,0.062,-2.481,0.008,1.0
3.0,128.181882,37.932119,6984.083568,0.066,-2.553,0.008,1.0
3.1,128.181882,37.932399,6982.9125264,0.069,-2.624,0.008,1.0
3.2,128.181882,37.93268,6981.7009464,0.073,-2.696,0.009,1.0
3.3,128.181883,37.932962,6980.449742400001,0.076,-2.767,0.009,1.0
3.4,128.181883,37.933244,6979.158,0.08,-2.839,0.01,1.0
3.5,128.181883,37.933526,6977.826633600001,0.084,-2.91,0.01,1.0
3.6,128.181883,37.933809,6976.4547288,0.088,-2.981,0.01,1.0
3.7,128.181883,37.934092,6975.0432,0.092,-3.052,0.011,1.0
3.8,128.181883,37.934375,6973.591742400001,0.096,-3.123,0.011,1.0
3.9,128.181883,37.934659,6972.100051200001,0.1,-3.194,0.012,1.0
4.0,128.181883,37.934943,6970.568736,0.104,-3.264,0.012,1.0
4.1,128.181883,37.935228,6968.997187200001,0.108,-3.334,0.013,1.0
4.2,128.181884,37.935513,6967.3857096,0.112,-3.404,0.013,1.0
4.3,128.181884,37.935799,6965.734608,0.116,-3.474,0.014,1.0
4.4,128.181884,37.936085,6964.0432728000005,0.12,-3.543,0.014,1.0
4.5,128.181884,37.936371,6962.3123136,0.125,-3.612,0.014,1.0
4.6,128.181884,37.936658,6960.5414256,0.129,-3.681,0.015,1.0
4.7,128.181884,37.936946,6958.7309136,0.133,-3.75,0.015,1.0
4.8,128.181885,37.937233,6956.880168000001,0.138,-3.818,0.016,1.0
4.9,128.181885,37.937522,6954.9897984,0.143,-3.886,0.016,1.0
5.0,128.181885,37.93781,6953.0598048,0.147,-3.954,0.017,1.0
5.1,128.181885,37.9381,6951.0898824000005,0.152,-4.021,0.017,1.0
5.2,128.181885,37.938389,6949.0800312,0.156,-4.088,0.018,1.0
5.3,128.181885,37.938679,6947.0308608000005,0.161,-4.154,0.018,1.0
5.4,128.181886,37.93897,6944.9420664,0.166,-4.22,0.019,1.0
5.5,128.181886,37.93926,6942.813648,0.171,-4.286,0.019,1.0
5.6,128.181886,37.939552,6940.6459104000005,0.176,-4.351,0.02,1.0
5.7,128.181886,37.939844,6938.4391584,0.181,-4.416,0.02,1.0
5.8,128.181886,37.940136,6936.1927824,0.186,-4.48,0.021,1.0
5.9,128.181887,37.940428,6933.907392000001,0.191,-4.544,0.021,1.0
6.0,128.181887,37.940722,6931.5829872,0.196,-4.608,0.022,1.0
6.1,128.181887,37.941015,6929.219263200001,0.202,-4.672,0.022,1.0
6.2,128.181887,37.941309,6926.8171344,0.207,-4.735,0.023,1.0
6.3,128.181888,37.941604,6924.375686400001,0.212,-4.797,0.023,1.0
6.4,128.181888,37.941898,6921.8958336000005,0.218,-4.86,0.024,1.0
6.5,128.181888,37.942194,6919.3772712,0.223,-4.922,0.024,1.0
6.6,128.181888,37.942489,6916.820304,0.229,-4.984,0.025,1.0
6.7,128.181889,37.942786,6914.224932,0.234,-5.045,0.025,1.0
6.8,128.181889,37.943082,6911.590850400001,0.24,-5.106,0.026,1.0
6.9,128.181889,37.943379,6908.918668800001,0.246,-5.167,0.026,1.0
7.0,128.181889,37.943677,6906.2083872,0.252,-5.227,0.027,1.0
7.1,128.18189,37.943974,6903.460005600001,0.258,-5.288,0.027,1.0
7.2,128.18189,37.944273,6900.673524000001,0.263,-5.347,0.028,1.0
7.3,128.18189,37.944572,6897.849247200001,0.269,-5.407,0.029,1.0
7.4,128.18189,37.944871,6894.9871752,0.275,-5.466,0.029,1.0
7.5,128.181891,37.94517,6892.087308,0.282,-5.525,0.03,1.0
7.6,128.181891,37.94547,6889.1499504,0.288,-5.583,0.03,1.0
7.7,128.181891,37.945771,6886.174797600001,0.294,-5.642,0.031,1.0
7.8,128.181892,37.946072,6883.162459200001,0.3,-5.699,0.031,1.0
7.9,128.181892,37.946373,6880.1126304,0.307,-5.757,0.032,1.0
8.0,128.181892,37.946675,6877.025616,0.313,-5.814,0.033,1.0
8.1,128.181893,37.946977,6873.9017208,0.32,-5.871,0.033,1.0
8.2,128.181893,37.947279,6870.7403352,0.326,-5.928,0.034,1.0
8.3,128.181893,37.947582,6867.5423736,0.333,-5.984,0.034,1.0
8.4,128.181894,37.947886,6864.3072264,0.34,-6.04,0.035,1.0
8.5,128.181894,37.948189,6861.0355032,0.346,-6.096,0.036,1.0
8.6,128.181894,37.948494,6857.7268992,0.353,-6.152,0.036,1.0
8.7,128.181895,37.948798,6854.3820240000005,0.36,-6.207,0.037,1.0
8.8,128.181895,37.949103,6851.000572800001,0.367,-6.261,0.038,1.0
8.9,128.181896,37.949409,6847.5825456,0.374,-6.316,0.038,1.0
9.0,128.181896,37.949715,6844.128552000001,0.381,-6.37,0.039,1.0
9.1,128.181896,37.950021,6840.6382872,0.388,-6.424,0.039,1.0
9.2,128.181897,37.950328,6837.111751200001,0.395,-6.478,0.04,1.0
9.3,128.181897,37.950635,6833.5495536,0.403,-6.531,0.041,1.0
9.4,128.181898,37.950942,6829.9513896,0.41,-6.584,0.041,1.0
9.5,128.181898,37.95125,6826.3172592,0.417,-6.637,0.042,1.0
9.6,128.181898,37.951559,6822.6474672,0.425,-6.689,0.043,1.0
9.7,128.181899,37.951867,6818.942318400001,0.432,-6.742,0.044,1.0
9.8,128.181899,37.952176,6815.201508,0.44,-6.794,0.044,1.0
9.9,128.1819,37.952486,6811.4253408,0.448,-6.845,0.045,1.0
10.0,128.1819,37.952796,6807.613512,0.455,-6.896,0.046,1.0
10.1,128.181901,37.953106,6803.7666312,0.463,-6.948,0.046,1.0
10.2,128.181901,37.953417,6799.8846984,0.471,-6.998,0.047,1.0
10.3,128.181902,37.953728,6795.9677136,0.479,-7.049,0.048,1.0
10.4,128.181902,37.95404,6792.015676800001,0.487,-7.099,0.049,1.0
10.5,128.181903,37.954352,6788.028588000001,0.495,-7.149,0.049,1.0
10.6,128.181903,37.954664,6784.006752000001,0.503,-7.199,0.05,1.0
10.7,128.181904,37.954977,6779.950473600001,0.511,-7.248,0.051,1.0
10.8,128.181904,37.95529,6775.859143199999,0.52,-7.297,0.052,1.0
10.9,128.181905,37.955604,6771.7336752,0.528,-7.346,0.052,1.0
11.0,128.181905,37.955918,6767.5734600000005,0.536,-7.394,0.053,1.0
11.1,128.181906,37.956232,6763.379107199999,0.545,-7.443,0.054,1.0
11.2,128.181907,37.956547,6759.150312,0.553,-7.49,0.055,1.0
11.3,128.181907,37.956862,6754.887684000001,0.562,-7.538,0.055,1.0
11.4,128.181908,37.957178,6750.5906136,0.571,-7.586,0.056,1.0
11.5,128.181908,37.957494,6746.259710400001,0.579,-7.633,0.057,1.0
11.6,128.181909,37.95781,6741.894974400001,0.588,-7.679,0.058,1.0
11.7,128.181909,37.958127,6737.496405600001,0.597,-7.726,0.059,1.0
11.8,128.18191,37.958445,6733.064308800001,0.606,-7.772,0.059,1.0
11.9,128.181911,37.958762,6728.598379200001,0.615,-7.818,0.06,1.0
12.0,128.181911,37.95908,6724.0989216,0.624,-7.864,0.061,1.0
12.1,128.181912,37.959399,6719.566240800001,0.633,-7.91,0.062,1.0
12.2,128.181913,37.959718,6715.000336800001,0.642,-7.955,0.063,1.0
12.3,128.181913,37.960037,6710.400904800001,0.651,-8.0,0.064,1.0
12.4,128.181914,37.960357,6705.7685544000005,0.661,-8.044,0.065,1.0
12.5,128.181915,37.960677,6701.1032856,0.67,-8.089,0.065,1.0
12.6,128.181915,37.960998,6696.4047936,0.679,-8.133,0.066,1.0
12.7,128.181916,37.961319,6691.673688000001,0.689,-8.177,0.067,1.0
12.8,128.181917,37.96164,6686.909968800001,0.698,-8.22,0.068,1.0
12.9,128.181917,37.961962,6682.1133312,0.708,-8.264,0.069,1.0
13.0,128.181918,37.962284,6677.2843848,0.718,-8.307,0.07,1.0
13.1,128.181919,37.962606,6672.422824800001,0.727,-8.349,0.071,1.0
13.2,128.18192,37.962929,6667.528956000001,0.737,-8.392,0.072,1.0
13.3,128.18192,37.963253,6662.603083200001,0.747,-8.434,0.073,1.0
13.4,128.181921,37.963577,6657.644901600001,0.757,-8.476,0.074,1.0
13.5,128.181922,37.963901,6652.654716,0.767,-8.518,0.074,1.0
13.6,128.181923,37.964225,6647.6325264,0.777,-8.559,0.075,1.0
13.7,128.181924,37.96455,6642.578637600001,0.787,-8.601,0.076,1.0
13.8,128.181924,37.964876,6637.4927448,0.797,-8.642,0.077,1.0
13.9,128.181925,37.965202,6632.3754576,0.807,-8.682,0.078,1.0
14.0,128.181926,37.965528,6627.226776,0.817,-8.723,0.079,1.0
14.1,128.181927,37.965855,6622.0463952,0.827,-8.763,0.08,1.0
14.2,128.181928,37.966182,6616.8349248,0.838,-8.803,0.081,1.0
14.3,128.181929,37.966509,6611.592060000001,0.848,-8.842,0.082,1.0
14.4,128.18193,37.966837,6606.3181056,0.858,-8.882,0.083,1.0
14.5,128.18193,37.967165,6601.0130616,0.869,-8.921,0.084,1.0
14.6,128.181931,37.967494,6595.677232800001,0.879,-8.96,0.085,1.0
14.7,128.181932,37.967823,6590.3106192000005,0.89,-8.998,0.086,1.0
14.8,128.181933,37.968152,6584.9132208,0.901,-9.037,0.087,1.0
14.9,128.181934,37.968482,6579.4850376,0.911,-9.075,0.088,1.0
15.0,128.181935,37.968813,6574.026679200001,0.922,-9.113,0.09,1.0
15.1,128.181936,37.969143,6568.537536,0.933,-9.15,0.091,1.0
15.2,128.181937,37.969474,6563.018522400001,0.943,-9.188,0.092,1.0
15.3,128.181938,37.969806,6557.469028800001,0.954,-9.225,0.093,1.0
15.4,128.181939,37.970138,6551.889664800001,0.965,-9.262,0.094,1.0
15.5,128.18194,37.97047,6546.2801256,0.976,-9.298,0.095,1.0
15.6,128.181941,37.970803,6540.640716,0.987,-9.334,0.096,1.0
15.7,128.181942,37.971136,6534.971740800001,0.998,-9.371,0.097,1.0
15.8,128.181943,37.97147,6529.272895200001,1.009,-9.406,0.098,1.0
15.9,128.181944,37.971804,6523.5447888,1.02,-9.442,0.099,1.0
16.0,128.181945,37.972138,6517.7871168,1.032,-9.477,0.101,1.0
16.1,128.181947,37.972473,6511.999879200001,1.043,-9.513,0.102,1.0
16.2,128.181948,37.972808,6506.1836856,1.054,-9.547,0.103,1.0
16.3,128.181949,37.973143,6500.3382312,1.065,-9.582,0.104,1.0
16.4,128.18195,37.973479,6494.4638208,1.077,-9.616,0.105,1.0
16.5,128.181951,37.973816,6488.560454400001,1.088,-9.65,0.107,1.0
16.6,128.181952,37.974152,6482.628132000001,1.1,-9.684,0.108,1.0
16.7,128.181953,37.97449,6476.6674632,1.112,-9.717,0.109,1.0
16.8,128.181955,37.974827,6470.6781432,1.124,-9.75,0.11,1.0
16.9,128.181956,37.975165,6464.660476800001,1.136,-9.783,0.112,1.0
17.0,128.181957,37.975503,6458.6147688,1.148,-9.815,0.113,1.0
17.1,128.181958,37.975842,6452.5407144,1.16,-9.848,0.114,1.0
17.2,128.18196,37.976181,6446.4386184,1.172,-9.879,0.116,1.0
17.3,128.181961,37.976521,6440.3087856,1.185,-9.911,0.117,1.0
17.4,128.181962,37.976861,6434.150911200001,1.197,-9.943,0.119,1.0
17.5,128.181963,37.977201,6427.965604800001,1.21,-9.974,0.12,1.0
17.6,128.181965,37.977542,6421.7528664,1.222,-10.005,0.122,1.0
17.7,128.181966,37.977883,6415.513000800001,1.235,-10.035,0.123,1.0
17.8,128.181967,37.978225,6409.2457032,1.248,-10.065,0.125,1.0
17.9,128.181969,37.978567,6402.951278400001,1.261,-10.096,0.126,1.0
18.0,128.18197,37.978909,6396.6297264,1.274,-10.125,0.128,1.0
18.1,128.181972,37.979252,6390.281656800001,1.287,-10.155,0.129,1.0
18.2,128.181973,37.979595,6383.906764800001,1.3,-10.184,0.131,1.0
18.3,128.181974,37.979939,6377.505355200001,1.313,-10.213,0.133,1.0
18.4,128.181976,37.980283,6371.0777328,1.326,-10.242,0.134,1.0
18.5,128.181977,37.980627,6364.623592800001,1.34,-10.27,0.136,1.0
18.6,128.181979,37.980972,6358.1435448,1.353,-10.299,0.137,1.0
18.7,128.18198,37.981317,6351.637284000001,1.367,-10.326,0.139,1.0
18.8,128.181982,37.981663,6345.105115200001,1.38,-10.354,0.141,1.0
18.9,128.181983,37.982009,6338.5473432,1.394,-10.382,0.143,1.0
19.0,128.181985,37.982356,6331.963968,1.408,-10.409,0.144,1.0
19.1,128.181987,37.982702,6325.3549896,1.422,-10.436,0.146,1.0
19.2,128.181988,37.98305,6318.7210176,1.436,-10.462,0.148,1.0
19.3,128.18199,37.983397,6312.0617472,1.45,-10.489,0.15,1.0
19.4,128.181991,37.983745,6305.377178400001,1.464,-10.515,0.152,1.0
19.5,128.181993,37.984094,6298.6679208,1.478,-10.541,0.154,1.0
19.6,128.181995,37.984442,6291.933974400001,1.492,-10.566,0.155,1.0
19.7,128.181996,37.984792,6285.1753392,1.507,-10.591,0.157,1.0
19.8,128.181998,37.985141,6278.392320000001,1.521,-10.617,0.159,1.0
19.9,128.182,37.985491,6271.5849168,1.535,-10.641,0.161,1.0
20.0,128.182002,37.985842,6264.7531296,1.55,-10.666,0.163,1.0
20.1,128.182003,37.986193,6257.897568,1.565,-10.69,0.165,1.0
20.2,128.182005,37.986544,6251.0179272000005,1.579,-10.714,0.167,1.0
20.3,128.182007,37.986895,6244.114512,1.594,-10.738,0.169,1.0
20.4,128.182009,37.987247,6237.1876272,1.609,-10.762,0.171,1.0
20.5,128.182011,37.9876,6230.2372728,1.624,-10.785,0.173,1.0
20.6,128.182012,37.987953,6223.2634488,1.639,-10.808,0.176,1.0
20.7,128.182014,37.988306,6216.266460000001,1.654,-10.831,0.178,1.0
20.8,128.182016,37.98866,6209.2463064,1.669,-10.853,0.18,1.0
20.9,128.182018,37.989014,6202.203597600001,1.685,-10.875,0.182,1.0
21.0,128.18202,37.989368,6195.137724000001,1.7,-10.897,0.184,1.0
21.1,128.182022,37.989723,6188.0496,1.715,-10.919,0.186,1.0
21.2,128.182024,37.990078,6180.9389208,1.731,-10.941,0.189,1.0
21.3,128.182026,37.990434,6173.8056864,1.746,-10.962,0.191,1.0
21.4,128.182028,37.99079,6166.650506400001,1.762,-10.983,0.193,1.0
21.5,128.18203,37.991146,6159.4733808,1.778,-11.004,0.196,1.0
21.6,128.182032,37.991503,6152.2743096,1.793,-11.024,0.198,1.0
21.7,128.182035,37.99186,6145.053292800001,1.809,-11.045,0.2,1.0
21.8,128.182037,37.992218,6137.81094,1.825,-11.065,0.203,1.0
21.9,128.182039,37.992576,6130.547251200001,1.841,-11.084,0.205,1.0
22.0,128.182041,37.992934,6123.2619216,1.857,-11.104,0.208,1.0
22.1,128.182043,37.993293,6115.955865600001,1.874,-11.123,0.21,1.0
22.2,128.182046,37.993652,6108.628473600001,1.89,-11.142,0.213,1.0
22.3,128.182048,37.994011,6101.2803552000005,1.906,-11.161,0.215,1.0
22.4,128.18205,37.994371,6093.9115104,1.923,-11.18,0.218,1.0
22.5,128.182053,37.994732,6086.522244,1.939,-11.198,0.22,1.0
22.6,128.182055,37.995092,6079.112860800001,1.956,-11.216,0.223,1.0
22.7,128.182057,37.995454,6071.682751200001,1.972,-11.234,0.226,1.0
22.8,128.18206,37.995815,6064.2328296,1.989,-11.252,0.228,1.0
22.9,128.182062,37.996177,6056.762791200001,2.006,-11.269,0.231,1.0
23.0,128.182065,37.996539,6049.2732456,2.023,-11.286,0.234,1.0
23.1,128.182067,37.996902,6041.763888,2.04,-11.303,0.236,1.0
23.2,128.18207,37.997265,6034.235023200001,2.057,-11.32,0.239,1.0
23.3,128.182072,37.997629,6026.6869560000005,2.074,-11.336,0.242,1.0
23.4,128.182075,37.997993,6019.1196864,2.091,-11.352,0.245,1.0
23.5,128.182077,37.998357,6011.5335192,2.109,-11.368,0.248,1.0
23.6,128.18208,37.998722,6003.9281496,2.126,-11.384,0.25,1.0
23.7,128.182083,37.999087,5996.3041872,2.143,-11.399,0.253,1.0
23.8,128.182085,37.999452,5988.6619368,2.161,-11.414,0.256,1.0
23.9,128.182088,37.999818,5981.0007888,2.178,-11.429,0.259,1.0
24.0,128.182091,38.000184,5973.3216575999995,2.196,-11.444,0.262,1.0
24.1,128.182094,38.000551,5965.6245432,2.214,-11.459,0.265,1.0
24.2,128.182097,38.000918,5957.9094456,2.232,-11.473,0.268,1.0
24.3,128.182099,38.001285,5950.176364800001,2.25,-11.487,0.271,1.0
24.4,128.182102,38.001653,5942.4256056,2.268,-11.501,0.275,1.0
24.5,128.182105,38.002021,5934.6574728000005,2.286,-11.514,0.278,1.0
24.6,128.182108,38.00239,5926.8722712,2.304,-11.528,0.281,1.0
24.7,128.182111,38.002759,5919.069391200001,2.322,-11.541,0.284,1.0
24.8,128.182114,38.003128,5911.2497472000005,2.34,-11.554,0.287,1.0
24.9,128.182117,38.003498,5903.413339199999,2.359,-11.566,0.291,1.0
25.0,128.18212,38.003868,5895.5601672,2.377,-11.579,0.294,1.0
25.1,128.182123,38.004239,5887.690536,2.396,-11.591,0.297,1.0
25.2,128.182127,38.004609,5879.8041408,2.415,-11.603,0.301,1.0
25.3,128.18213,38.004981,5871.901896,2.433,-11.615,0.304,1.0
25.4,128.182133,38.005352,5863.9834968000005,2.452,-11.626,0.307,1.0
25.5,128.182136,38.005725,5856.0489431999995,2.471,-11.638,0.311,1.0
25.6,128.18214,38.006097,5848.0988448,2.49,-11.649,0.314,1.0
25.7,128.182143,38.00647,5840.133201600001,2.509,-11.66,0.318,1.0
25.8,128.182146,38.006843,5832.1517088,2.528,-11.67,0.321,1.0
25.9,128.18215,38.007217,5824.1552808,2.547,-11.681,0.325,1.0
26.0,128.182153,38.007591,5816.1436128000005,2.567,-11.691,0.329,1.0
26.1,128.182157,38.007965,5808.1170096000005,2.586,-11.701,0.332,1.0
26.2,128.18216,38.00834,5800.075776,2.606,-11.711,0.336,1.0
26.3,128.182164,38.008715,5792.0196072,2.625,-11.72,0.34,1.0
26.4,128.182167,38.00909,5783.9491128,2.645,-11.729,0.343,1.0
26.5,128.182171,38.009466,5775.863988000001,2.664,-11.738,0.347,1.0
26.6,128.182175,38.009843,5767.765147200001,2.684,-11.747,0.351,1.0
26.7,128.182178,38.010219,5759.6519808,2.704,-11.756,0.355,1.0
26.8,128.182182,38.010596,5751.5250983999995,2.724,-11.764,0.359,1.0
26.9,128.182186,38.010974,5743.3841952,2.744,-11.773,0.363,1.0
27.0,128.18219,38.011352,5735.2301856,2.764,-11.781,0.367,1.0
27.1,128.182194,38.01173,5727.06246,2.784,-11.788,0.371,1.0
27.2,128.182198,38.012108,5718.881932800001,2.805,-11.796,0.375,1.0
27.3,128.182202,38.012487,5710.6879944,2.825,-11.803,0.379,1.0
27.4,128.182206,38.012867,5702.481254400001,2.845,-11.81,0.383,1.0
27.5,128.18221,38.013246,5694.2617128,2.866,-11.817,0.387,1.0
27.6,128.182214,38.013627,5686.029674400001,2.887,-11.824,0.391,1.0
27.7,128.182218,38.014007,5677.785444,2.907,-11.83,0.395,1.0
27.8,128.182222,38.014388,5669.5287167999995,2.928,-11.837,0.399,1.0
27.9,128.182226,38.014769,5661.259797600001,2.949,-11.843,0.404,1.0
28.0,128.182231,38.015151,5652.979296,2.97,-11.849,0.408,1.0
28.1,128.182235,38.015533,5644.6869072,2.991,-11.854,0.412,1.0
28.2,128.182239,38.015915,5636.382936,3.012,-11.86,0.417,1.0
28.3,128.182244,38.016298,5628.0673824000005,3.033,-11.865,0.421,1.0
28.4,128.182248,38.016681,5619.7405512000005,3.054,-11.87,0.425,1.0
28.5,128.182253,38.017064,5611.402747200001,3.076,-11.875,0.43,1.0
28.6,128.182257,38.017448,5603.053970400001,3.097,-11.879,0.434,1.0
28.7,128.182262,38.017833,5594.6945256,3.119,-11.884,0.439,1.0
28.8,128.182266,38.018217,5586.324108,3.14,-11.888,0.444,1.0
28.9,128.182271,38.018602,5577.943632,3.162,-11.892,0.448,1.0
29.0,128.182276,38.018988,5569.552792800001,3.184,-11.896,0.453,1.0
29.1,128.182281,38.019373,5561.1515904,3.206,-11.899,0.458,1.0
29.2,128.182285,38.019759,5552.7406344,3.228,-11.903,0.462,1.0
29.3,128.18229,38.020146,5544.319924800001,3.25,-11.906,0.467,1.0
29.4,128.182295,38.020533,5535.8894616,3.272,-11.909,0.472,1.0
29.5,128.1823,38.02092,5527.4492448,3.294,-11.911,0.477,1.0
29.6,128.182305,38.021307,5519.0001888,3.316,-11.914,0.482,1.0
29.7,128.18231,38.021695,5510.541684000001,3.339,-11.916,0.487,1.0
29.8,128.182316,38.022084,5502.07434,3.361,-11.918,0.492,1.0
29.9,128.182321,38.022472,5493.598156800001,3.384,-11.92,0.497,1.0
30.0,128.182326,38.022861,5485.113439199999,3.407,-11.922,0.502,1.0
30.1,128.182331,38.023251,5476.6201872,3.429,-11.924,0.507,1.0
30.2,128.182337,38.023641,5468.1184008,3.452,-11.925,0.512,1.0
30.3,128.182342,38.024031,5459.6086896,3.475,-11.926,0.517,1.0
30.4,128.182348,38.024421,5451.0907488,3.498,-11.927,0.522,1.0
30.5,128.182353,38.024812,5442.5651880000005,3.521,-11.928,0.528,1.0
30.6,128.182359,38.025203,5434.0320071999995,3.544,-11.928,0.533,1.0
30.7,128.182364,38.025595,5425.491206400001,3.568,-11.929,0.538,1.0
30.8,128.18237,38.025987,5416.9430904,3.591,-11.929,0.544,1.0
30.9,128.182376,38.026379,5408.387659200001,3.614,-11.929,0.549,1.0
31.0,128.182382,38.026772,5399.8252176000005,3.638,-11.929,0.555,1.0
31.1,128.182388,38.027165,5391.256070400001,3.661,-11.928,0.56,1.0
31.2,128.182393,38.027559,5382.6805224,3.685,-11.928,0.566,1.0
31.3,128.182399,38.027952,5374.0979640000005,3.709,-11.927,0.571,1.0
31.4,128.182405,38.028346,5365.5093096,3.733,-11.926,0.577,1.0
31.5,128.182412,38.028741,5356.9145592,3.757,-11.925,0.583,1.0
31.6,128.182418,38.029136,5348.3137128,3.781,-11.923,0.588,1.0
31.7,128.182424,38.029531,5339.706770400001,3.805,-11.922,0.594,1.0
31.8,128.18243,38.029927,5331.0943416,3.829,-11.92,0.6,1.0
31.9,128.182437,38.030323,5322.4764264000005,3.853,-11.918,0.606,1.0
32.0,128.182443,38.030719,5313.853024800001,3.877,-11.916,0.612,1.0
32.1,128.18245,38.031115,5305.2244416,3.902,-11.914,0.618,1.0
32.2,128.182456,38.031512,5296.5909816,3.926,-11.911,0.624,1.0
32.3,128.182463,38.03191,5287.95234,3.951,-11.909,0.63,1.0
32.4,128.182469,38.032307,5279.3091264,3.975,-11.906,0.636,1.0
32.5,128.182476,38.032706,5270.6613408,4.0,-11.903,0.642,1.0
32.6,128.182483,38.033104,5262.009288000001,4.024,-11.899,0.648,1.0
32.7,128.18249,38.033503,5253.352968,4.049,-11.896,0.655,1.0
32.8,128.182497,38.033902,5244.6926856,4.074,-11.892,0.661,1.0
32.9,128.182504,38.034301,5236.028136,4.099,-11.889,0.667,1.0
33.0,128.182511,38.034701,5227.3602336,4.124,-11.885,0.674,1.0
33.1,128.182518,38.035101,5218.688673600001,4.149,-11.88,0.68,1.0
33.2,128.182525,38.035502,5210.0137608000005,4.174,-11.876,0.687,1.0
33.3,128.182532,38.035903,5201.3354952,4.199,-11.872,0.693,1.0
33.4,128.18254,38.036304,5192.6541816,4.224,-11.867,0.7,1.0
33.5,128.182547,38.036705,5183.96982,4.249,-11.862,0.706,1.0
33.6,128.182555,38.037107,5175.283020000001,4.274,-11.857,0.713,1.0
33.7,128.182562,38.03751,5166.593172,4.3,-11.852,0.72,1.0
33.8,128.18257,38.037912,5157.9014952,4.325,-11.847,0.726,1.0
33.9,128.182578,38.038315,5149.2070752,4.351,-11.841,0.733,1.0
34.0,128.182585,38.038718,5140.5108264,4.376,-11.835,0.74,1.0
34.1,128.182593,38.039122,5131.812444,4.402,-11.829,0.747,1.0
34.2,128.182601,38.039526,5123.112537600001,4.428,-11.823,0.754,1.0
34.3,128.182609,38.03993,5114.4108024,4.453,-11.817,0.761,1.0
34.4,128.182617,38.040335,5105.707848,4.479,-11.811,0.768,1.0
34.5,128.182625,38.04074,5097.003369600001,4.505,-11.804,0.775,1.0
34.6,128.182634,38.041145,5088.2979768000005,4.531,-11.797,0.782,1.0
34.7,128.182642,38.041551,5079.5916696,4.557,-11.79,0.79,1.0
34.8,128.18265,38.041957,5070.884448,4.583,-11.783,0.797,1.0
34.9,128.182659,38.042363,5062.1766167999995,4.609,-11.776,0.804,1.0
35.0,128.182667,38.04277,5053.468176,4.635,-11.768,0.812,1.0
35.1,128.182676,38.043177,5044.7597352,4.662,-11.761,0.819,1.0
35.2,128.182685,38.043584,5036.0509896,4.688,-11.753,0.826,1.0
35.3,128.182693,38.043992,5027.3422439999995,4.714,-11.745,0.834,1.0
35.4,128.182702,38.0444,5018.6338032,4.741,-11.737,0.841,1.0
35.5,128.182711,38.044808,5009.9256672,4.767,-11.729,0.849,1.0
35.6,128.18272,38.045217,5001.217836,4.794,-11.72,0.857,1.0
35.7,128.182729,38.045626,4992.510919200001,4.821,-11.712,0.865,1.0
35.8,128.182739,38.046035,4983.804612000001,4.847,-11.703,0.872,1.0
35.9,128.182748,38.046445,4975.099524,4.874,-11.694,0.88,1.0
36.0,128.182757,38.046855,4966.3953504,4.901,-11.685,0.888,1.0
36.1,128.182767,38.047265,4957.6927008,4.928,-11.675,0.896,1.0
36.2,128.182776,38.047676,4948.991575200001,4.955,-11.666,0.904,1.0
36.3,128.182786,38.048087,4940.2916688000005,4.982,-11.656,0.912,1.0
36.4,128.182796,38.048498,4931.593896,5.009,-11.647,0.92,1.0
36.5,128.182805,38.04891,4922.897952,5.036,-11.637,0.928,1.0
36.6,128.182815,38.049322,4914.2041416,5.064,-11.627,0.936,1.0
36.7,128.182825,38.049734,4905.5127696,5.091,-11.616,0.945,1.0
36.8,128.182835,38.050147,4896.8235312,5.118,-11.606,0.953,1.0
36.9,128.182846,38.05056,4888.137036,5.146,-11.595,0.961,1.0
37.0,128.182856,38.050973,4879.453284,5.173,-11.585,0.97,1.0
37.1,128.182866,38.051386,4870.772580000001,5.201,-11.574,0.978,1.0
37.2,128.182877,38.0518,4862.0946192,5.229,-11.563,0.987,1.0
37.3,128.182887,38.052214,4853.420316000001,5.256,-11.552,0.995,1.0
37.4,128.182898,38.052629,4844.7490608,5.284,-11.54,1.004,1.0
37.5,128.182908,38.053044,4836.0814632,5.312,-11.529,1.013,1.0
37.6,128.182919,38.053459,4827.417523200001,5.34,-11.517,1.021,1.0
37.7,128.18293,38.053874,4818.757240800001,5.368,-11.505,1.03,1.0
37.8,128.182941,38.05429,4810.1012256,5.396,-11.494,1.039,1.0
37.9,128.182952,38.054706,4801.4494776,5.424,-11.481,1.048,1.0
38.0,128.182963,38.055123,4792.801692000001,5.452,-11.469,1.057,1.0
38.1,128.182975,38.055539,4784.1587832000005,5.481,-11.457,1.066,1.0
38.2,128.182986,38.055956,4775.5201416,5.509,-11.444,1.075,1.0
38.3,128.182997,38.056374,4766.8863768,5.538,-11.432,1.084,1.0
38.4,128.183009,38.056791,4758.257793600001,5.566,-11.419,1.093,1.0
38.5,128.183021,38.057209,4749.6340872,5.595,-11.406,1.102,1.0
38.6,128.183033,38.057628,4741.0158672,5.623,-11.393,1.112,1.0
38.7,128.183044,38.058046,4732.4028288,5.652,-11.379,1.121,1.0
38.8,128.183056,38.058465,4723.7952768000005,5.681,-11.366,1.13,1.0
38.9,128.183069,38.058884,4715.1938208,5.709,-11.352,1.14,1.0
39.0,128.183081,38.059304,4706.5978512,5.738,-11.339,1.149,1.0
39.1,128.183093,38.059723,4698.0082824,5.767,-11.325,1.159,1.0
39.2,128.183105,38.060143,4689.4245048,5.796,-11.311,1.169,1.0
39.3,128.183118,38.060564,4680.8474328,5.825,-11.297,1.178,1.0
39.4,128.183131,38.060984,4672.2764568,5.855,-11.282,1.188,1.0
39.5,128.183143,38.061405,4663.7124912,5.884,-11.268,1.198,1.0
39.6,128.183156,38.061827,4655.1552312,5.913,-11.253,1.208,1.0
39.7,128.183169,38.062248,4646.604676800001,5.943,-11.239,1.218,1.0
39.8,128.183182,38.06267,4638.0614376,5.972,-11.224,1.227,1.0
39.9,128.183195,38.063092,4629.5255136000005,6.002,-11.209,1.238,1.0
40.0,128.183208,38.063515,4620.9966,6.031,-11.194,1.248,1.0
40.1,128.183222,38.063937,4612.4756112000005,6.061,-11.178,1.258,1.0
40.2,128.183235,38.064361,4603.9622424,6.091,-11.163,1.268,1.0
40.3,128.183249,38.064784,4595.4567984000005,6.12,-11.147,1.278,1.0
40.4,128.183263,38.065207,4586.9592792,6.15,-11.132,1.289,1.0
40.5,128.183276,38.065631,4578.4696848,6.18,-11.116,1.299,1.0
40.6,128.18329,38.066056,4569.9886248,6.21,-11.1,1.309,1.0
40.7,128.183304,38.06648,4561.5160992,6.24,-11.084,1.32,1.0
40.8,128.183319,38.066905,4553.052108,6.271,-11.068,1.33,1.0
40.9,128.183333,38.06733,4544.5966511999995,6.301,-11.051,1.341,1.0
41.0,128.183347,38.067755,4536.1503384,6.331,-11.035,1.352,1.0
41.1,128.183362,38.068181,4527.7128648,6.362,-11.018,1.363,1.0
41.2,128.183377,38.068607,4519.28484,6.392,-11.002,1.373,1.0
41.3,128.183391,38.069033,4510.8659592,6.423,-10.985,1.384,1.0
41.4,128.183406,38.069459,4502.4565272,6.453,-10.968,1.395,1.0
41.5,128.183421,38.069886,4494.056544,6.484,-10.951,1.406,1.0
41.6,128.183436,38.070313,4485.6666192,6.515,-10.933,1.417,1.0
41.7,128.183452,38.07074,4477.286448000001,6.546,-10.916,1.428,1.0
41.8,128.183467,38.071168,4468.91664,6.577,-10.898,1.439,1.0
41.9,128.183482,38.071596,4460.5565856,6.608,-10.881,1.451,1.0
42.0,128.183498,38.072024,4452.2071992,6.639,-10.863,1.462,1.0
42.1,128.183514,38.072452,4443.868176000001,6.67,-10.845,1.473,1.0
42.2,128.18353,38.072881,4435.539820800001,6.701,-10.827,1.485,1.0
42.3,128.183546,38.07331,4427.2224384,6.732,-10.809,1.496,1.0
42.4,128.183562,38.073739,4418.915724,6.764,-10.791,1.508,1.0
42.5,128.183578,38.074168,4410.6199824000005,6.795,-10.772,1.519,1.0
42.6,128.183594,38.074598,4402.3355184,6.827,-10.754,1.531,1.0
42.7,128.183611,38.075028,4394.0626368,6.858,-10.735,1.543,1.0
42.8,128.183627,38.075458,4385.8010328,6.89,-10.716,1.554,1.0
42.9,128.183644,38.075889,4377.5510112,6.922,-10.697,1.566,1.0
43.0,128.183661,38.07632,4369.3128768,6.954,-10.678,1.578,1.0
43.1,128.183678,38.076751,4361.0863248000005,6.986,-10.659,1.59,1.0
43.2,128.183695,38.077182,4352.8722696,7.018,-10.64,1.602,1.0
43.3,128.183713,38.077614,4344.6701016,7.05,-10.621,1.614,1.0
43.4,128.18373,38.078046,4336.480430400001,7.082,-10.601,1.627,1.0
43.5,128.183748,38.078478,4328.3029512,7.114,-10.581,1.639,1.0
43.6,128.183765,38.07891,4320.1382736000005,7.147,-10.562,1.651,1.0
43.7,128.183783,38.079343,4311.9860928,7.179,-10.542,1.663,1.0
43.8,128.183801,38.079775,4303.847018400001,7.212,-10.522,1.676,1.0
43.9,128.183819,38.080209,4295.7210504,7.244,-10.502,1.688,1.0
44.0,128.183837,38.080642,4287.607884,7.277,-10.482,1.701,1.0
44.1,128.183856,38.081076,4279.5081288,7.31,-10.461,1.714,1.0
44.2,128.183874,38.081509,4271.421784800001,7.343,-10.441,1.726,1.0
44.3,128.183893,38.081944,4263.3491568,7.376,-10.42,1.739,1.0
44.4,128.183912,38.082378,4255.28994,7.409,-10.4,1.752,1.0
44.5,128.183931,38.082812,4247.2447440000005,7.442,-10.379,1.765,1.0
44.6,128.18395,38.083247,4239.213264,7.475,-10.358,1.778,1.0
44.7,128.183969,38.083682,4231.195804800001,7.508,-10.337,1.791,1.0
44.8,128.183988,38.084118,4223.1926712,7.541,-10.316,1.804,1.0
44.9,128.184008,38.084553,4215.2038632,7.575,-10.295,1.817,1.0
45.0,128.184028,38.084989,4207.2296856,7.608,-10.274,1.83,1.0
45.1,128.184048,38.085425,4199.2698336,7.642,-10.252,1.843,1.0
45.2,128.184067,38.085862,4191.3249168,7.676,-10.231,1.857,1.0
45.3,128.184088,38.086298,4183.3946304,7.71,-10.209,1.87,1.0
45.4,128.184108,38.086735,4175.479584000001,7.743,-10.187,1.884,1.0
45.5,128.184128,38.087172,4167.5794728,7.777,-10.166,1.897,1.0
45.6,128.184149,38.087609,4159.6946016,7.811,-10.144,1.911,1.0
45.7,128.18417,38.088047,4151.8252752,7.846,-10.122,1.925,1.0
45.8,128.18419,38.088484,4143.9711888,7.88,-10.099,1.938,1.0
45.9,128.184212,38.088922,4136.132952,7.914,-10.077,1.952,1.0
46.0,128.184233,38.08936,4128.31026,7.949,-10.055,1.966,1.0
46.1,128.184254,38.089799,4120.5034176,7.983,-10.032,1.98,1.0
46.2,128.184276,38.090237,4112.7127296,8.018,-10.01,1.994,1.0
46.3,128.184297,38.090676,4104.9378912,8.052,-9.987,2.008,1.0
46.4,128.184319,38.091115,4097.179512000001,8.087,-9.964,2.022,1.0
46.5,128.184341,38.091555,4089.4375920000007,8.122,-9.941,2.037,1.0
46.6,128.184363,38.091994,4081.7118264,8.157,-9.918,2.051,1.0
46.7,128.184385,38.092434,4074.0028248000003,8.192,-9.895,2.065,1.0
46.8,128.184408,38.092874,4066.3105872000006,8.227,-9.872,2.08,1.0
46.9,128.18443,38.093314,4058.6351136000003,8.262,-9.849,2.094,1.0
47.0,128.184453,38.093755,4050.9767088000003,8.298,-9.826,2.109,1.0
47.1,128.184476,38.094195,4043.3353728,8.333,-9.802,2.123,1.0
47.2,128.184499,38.094636,4035.7114103999997,8.369,-9.779,2.138,1.0
47.3,128.184522,38.095077,4028.1045168000005,8.404,-9.755,2.153,1.0
47.4,128.184546,38.095518,4020.5149968,8.44,-9.731,2.168,1.0
47.5,128.184569,38.09596,4012.9431552000005,8.476,-9.707,2.183,1.0
47.6,128.184593,38.096401,4005.3889920000006,8.512,-9.683,2.198,1.0
47.7,128.184617,38.096843,3997.8528120000005,8.548,-9.659,2.213,1.0
47.8,128.184641,38.097285,3990.3343104,8.584,-9.635,2.228,1.0
47.9,128.184666,38.097728,3982.8337920000004,8.62,-9.611,2.243,1.0
48.0,128.18469,38.09817,3975.3515616000004,8.656,-9.587,2.259,1.0
48.1,128.184715,38.098613,3967.8876192000002,8.693,-9.562,2.274,1.0
48.2,128.184739,38.099056,3960.4419648,8.729,-9.538,2.289,1.0
48.3,128.184764,38.099499,3953.0149032000004,8.766,-9.513,2.305,1.0
48.4,128.184789,38.099942,3945.6061296000003,8.803,-9.489,2.32,1.0
48.5,128.184815,38.100386,3938.2162536,8.84,-9.464,2.336,1.0
48.6,128.18484,38.10083,3930.8452752000003,8.876,-9.439,2.352,1.0
48.7,128.184866,38.101274,3923.4931944,8.913,-9.414,2.368,1.0
48.8,128.184892,38.101718,3916.1600112,8.951,-9.389,2.384,1.0
48.9,128.184918,38.102162,3908.8460304000005,8.988,-9.364,2.399,1.0
49.0,128.184944,38.102607,3901.551252,9.025,-9.339,2.415,1.0
49.1,128.18497,38.103051,3894.2759808,9.063,-9.313,2.432,1.0
49.2,128.184997,38.103496,3887.0202168000005,9.1,-9.288,2.448,1.0
49.3,128.185023,38.103941,3879.78396,9.138,-9.263,2.464,1.0
49.4,128.18505,38.104387,3872.5672104,9.176,-9.237,2.48,1.0
49.5,128.185077,38.104832,3865.3705776,9.215,-9.212,2.496,1.0
49.6,128.185105,38.105278,3858.193452,9.253,-9.186,2.513,1.0
49.7,128.185132,38.105724,3851.0367480000004,9.292,-9.16,2.529,1.0
49.8,128.18516,38.10617,3843.899856,9.332,-9.134,2.545,1.0
49.9,128.185188,38.106616,3836.7830808,9.371,-9.108,2.561,1.0
50.0,128.185216,38.107062,3829.6870320000003,9.411,-9.082,2.577,1.0
50.1,128.185244,38.107509,3822.6111,9.451,-9.055,2.594,1.0
50.2,128.185272,38.107955,3815.5558944,9.491,-9.029,2.61,1.0
50.3,128.185301,38.108402,3808.5214152,9.529,-9.002,2.627,1.0
50.4,128.18533,38.108849,3801.5076624000003,9.565,-8.975,2.645,1.0
50.5,128.185359,38.109297,3794.514636,9.596,-8.948,2.664,1.0
50.6,128.185388,38.109744,3787.5429456,9.619,-8.921,2.686,1.0
50.7,128.185417,38.110192,3780.5922864000004,9.629,-8.894,2.713,1.0
50.8,128.185447,38.11064,3773.6632680000002,9.618,-8.868,2.747,1.0
50.9,128.185476,38.111088,3766.7552808,9.578,-8.843,2.792,1.0
51.0,128.185506,38.111536,3759.8661912000002,9.499,-8.821,2.85,1.0
51.1,128.185536,38.111984,3752.9959992,9.458,-8.796,2.878,1.0
51.2,128.185567,38.112432,3746.1453144,9.513,-8.774,2.915,1.0
51.3,128.185597,38.112881,3739.3138320000003,9.539,-8.752,2.947,1.0
51.4,128.185628,38.11333,3732.5018568,9.564,-8.729,2.976,1.0
51.5,128.185659,38.113778,3725.7093888000004,9.586,-8.707,3.002,1.0
51.6,128.18569,38.114227,3718.9367328000003,9.606,-8.685,3.027,1.0
51.7,128.185721,38.114677,3712.1838888,9.625,-8.663,3.051,1.0
51.8,128.185753,38.115126,3705.4508568,9.643,-8.64,3.074,1.0
51.9,128.185785,38.115575,3698.7376368000005,9.66,-8.618,3.097,1.0
52.0,128.185817,38.116025,3692.0445336000002,9.677,-8.596,3.119,1.0
52.1,128.185849,38.116474,3685.3712424,9.694,-8.573,3.141,1.0
52.2,128.185882,38.116924,3678.7183728,9.71,-8.55,3.163,1.0
52.3,128.185915,38.117374,3672.0856200000003,9.726,-8.527,3.184,1.0
52.4,128.185948,38.117824,3665.472984,9.743,-8.504,3.206,1.0
52.5,128.185981,38.118274,3658.8807696,9.759,-8.48,3.227,1.0
52.6,128.186014,38.118725,3652.3089768,9.775,-8.457,3.249,1.0
52.7,128.186048,38.119175,3645.7576056000003,9.791,-8.433,3.271,1.0
52.8,128.186082,38.119625,3639.226656,9.808,-8.408,3.292,1.0
52.9,128.186116,38.120076,3632.7164328000003,9.824,-8.384,3.314,1.0
53.0,128.18615,38.120527,3626.2266312,9.841,-8.359,3.336,1.0
53.1,128.186185,38.120978,3619.7578608,9.857,-8.334,3.358,1.0
53.2,128.18622,38.121429,3613.3095120000003,9.874,-8.309,3.38,1.0
53.3,128.186255,38.12188,3606.8821944,9.89,-8.283,3.402,1.0
53.4,128.18629,38.122331,3600.4756032000005,9.907,-8.258,3.424,1.0
53.5,128.186326,38.122783,3594.0900432000003,9.923,-8.233,3.446,1.0
53.6,128.186362,38.123234,3587.7258192000004,9.94,-8.207,3.468,1.0
53.7,128.186398,38.123686,3581.3823216,9.957,-8.182,3.491,1.0
53.8,128.186434,38.124138,3575.0601600000005,9.974,-8.157,3.513,1.0
53.9,128.18647,38.12459,3568.7593344,9.991,-8.131,3.535,1.0
54.0,128.186507,38.125042,3562.4798448,10.007,-8.106,3.557,1.0
54.1,128.186544,38.125494,3556.2216912000004,10.024,-8.081,3.58,1.0
54.2,128.186581,38.125946,3549.9851784000007,10.041,-8.055,3.602,1.0
54.3,128.186619,38.126398,3543.7703064,10.058,-8.03,3.624,1.0
54.4,128.186656,38.126851,3537.5767704,10.075,-8.005,3.647,1.0
54.5,128.186694,38.127304,3531.40518,10.092,-7.98,3.669,1.0
54.6,128.186733,38.127756,3525.2555352000004,10.109,-7.955,3.692,1.0
54.7,128.186771,38.128209,3519.1275312000002,10.126,-7.929,3.714,1.0
54.8,128.18681,38.128662,3513.0214728,10.143,-7.904,3.736,1.0
54.9,128.186848,38.129115,3506.9376647999998,10.161,-7.878,3.759,1.0
55.0,128.186888,38.129568,3500.8758024000003,10.178,-7.853,3.782,1.0
55.1,128.186927,38.130021,3494.8358856,10.195,-7.827,3.804,1.0
55.2,128.186967,38.130475,3488.818524,10.212,-7.801,3.827,1.0
55.3,128.187006,38.130928,3482.823108,10.23,-7.774,3.85,1.0
55.4,128.187047,38.131382,3476.8502472,10.247,-7.748,3.872,1.0
55.5,128.187087,38.131835,3470.8996368000003,10.265,-7.721,3.895,1.0
55.6,128.187128,38.132289,3464.9712768,10.283,-7.694,3.918,1.0
55.7,128.187168,38.132743,3459.0657768,10.3,-7.668,3.941,1.0
55.8,128.187209,38.133197,3453.1825272,10.318,-7.641,3.965,1.0
55.9,128.187251,38.133651,3447.3218328000003,10.336,-7.614,3.988,1.0
56.0,128.187292,38.134105,3441.4839984000005,10.353,-7.587,4.011,1.0
56.1,128.187334,38.134559,3435.6687192000004,10.371,-7.56,4.034,1.0
56.2,128.187376,38.135014,3429.8763000000004,10.389,-7.533,4.058,1.0
56.3,128.187419,38.135468,3424.1067408000004,10.407,-7.507,4.081,1.0
56.4,128.187461,38.135923,3418.3600416000004,10.424,-7.481,4.104,1.0
56.5,128.187504,38.136377,3412.6362024,10.442,-7.455,4.127,1.0
56.6,128.187547,38.136832,3406.9358328000003,10.46,-7.429,4.15,1.0
56.7,128.18759,38.137287,3401.2583232,10.478,-7.403,4.174,1.0
56.8,128.187634,38.137742,3395.6042832,10.496,-7.377,4.197,1.0
56.9,128.187678,38.138196,3389.9731032000004,10.514,-7.351,4.22,1.0
57.0,128.187722,38.138652,3384.3656976,10.532,-7.325,4.243,1.0
57.1,128.187766,38.139107,3378.7814568000003,10.55,-7.298,4.266,1.0
57.2,128.187811,38.139562,3373.2206856,10.569,-7.271,4.29,1.0
57.3,128.187856,38.140017,3367.683384,10.587,-7.244,4.313,1.0
57.4,128.187901,38.140473,3362.1695520000003,10.605,-7.215,4.337,1.0
57.5,128.187946,38.140928,3356.6791896000004,10.624,-7.186,4.361,1.0
57.6,128.187992,38.141384,3351.2126016,10.642,-7.157,4.385,1.0
57.7,128.188037,38.141839,3345.7691784000003,10.661,-7.127,4.41,1.0
57.8,128.188083,38.142295,3340.3495296,10.68,-7.097,4.434,1.0
57.9,128.18813,38.142751,3334.9533504,10.698,-7.067,4.459,1.0
58.0,128.188176,38.143207,3329.5809456,10.717,-7.038,4.484,1.0
58.1,128.188223,38.143663,3324.23262,10.735,-7.01,4.508,1.0
58.2,128.18827,38.144119,3318.907764,10.754,-6.984,4.533,1.0
58.3,128.188318,38.144575,3313.6072920000006,10.772,-6.959,4.557,1.0
58.4,128.188365,38.145031,3308.3308991999997,10.791,-6.937,4.58,1.0
58.5,128.188413,38.145487,3303.0785855999998,10.809,-6.915,4.603,1.0
58.6,128.188461,38.145943,3297.8509608,10.827,-6.895,4.625,1.0
58.7,128.18851,38.1464,3292.64772,10.846,-6.875,4.647,1.0
58.8,128.188559,38.146856,3287.469168,10.865,-6.854,4.669,1.0
58.9,128.188607,38.147313,3282.3153048000004,10.884,-6.83,4.692,1.0
59.0,128.188657,38.147769,3277.1861304000004,10.903,-6.803,4.714,1.0
59.1,128.188706,38.148226,3272.0819496,10.923,-6.771,4.738,1.0
59.2,128.188756,38.148682,3267.0024576000005,10.943,-6.733,4.763,1.0
59.3,128.188806,38.149139,3261.9479592000002,10.964,-6.689,4.79,1.0
59.4,128.188856,38.149595,3256.9181496,10.984,-6.64,4.819,1.0
59.5,128.188906,38.150052,3251.9133336,11.005,-6.587,4.85,1.0
59.6,128.188957,38.150508,3246.933816,11.026,-6.549,4.879,1.0
59.7,128.189008,38.150965,3241.9795968,11.046,-6.521,4.905,1.0
59.8,128.189059,38.151422,3237.0509807999997,11.067,-6.503,4.929,1.0
59.9,128.189111,38.151878,3232.1488824000003,11.091,-6.547,4.937,1.0
60.0,128.189162,38.152335,3227.2699488000003,11.114,-6.592,4.944,1.0
60.1,128.189214,38.152791,3222.4138752000003,11.135,-6.566,4.964,1.0
60.2,128.189267,38.153248,3217.5821856,11.154,-6.463,5.004,1.0
60.3,128.189319,38.153704,3212.7739656,11.171,-6.291,5.063,1.0
60.4,128.189372,38.154161,3207.9870816000002,11.191,-6.299,5.088,1.0
60.5,128.189425,38.154617,3203.2245816,11.22,-6.482,5.067,1.0
60.6,128.189478,38.155074,3198.4864656,11.24,-6.437,5.089,1.0
60.7,128.189532,38.15553,3193.7757816000003,11.254,-6.195,5.159,1.0
60.8,128.189585,38.155987,3189.085824,11.272,-6.173,5.191,1.0
60.9,128.189639,38.156443,3184.417812,11.302,-6.384,5.165,1.0
61.0,128.189694,38.156899,3179.7735744,11.323,-6.345,5.186,1.0
61.1,128.189748,38.157355,3175.1561592000003,11.336,-6.079,5.261,1.0
61.2,128.189803,38.157812,3170.5573368000005,11.355,-6.104,5.284,1.0
61.3,128.189858,38.158268,3165.9798504,11.389,-6.41,5.235,1.0
61.4,128.189913,38.158724,3161.4255288,11.401,-6.053,5.324,1.0
61.5,128.189969,38.15918,3156.8910192000003,11.415,-5.917,5.382,1.0
61.6,128.190024,38.159636,3152.3921712,11.458,-6.436,5.287,1.0
61.7,128.19008,38.160092,3147.9009432000003,11.453,-5.723,5.456,1.0
61.8,128.190137,38.160547,3143.4359280000003,11.494,-6.287,5.363,1.0
61.9,128.190193,38.161003,3138.99042,11.511,-6.064,5.42,1.0
62.0,128.19025,38.161459,3134.549484,11.518,-5.817,5.502,1.0
62.1,128.190307,38.161914,3130.1573160000003,11.564,-6.149,5.444,1.0
62.2,128.190364,38.16237,3125.7925800000003,11.561,-5.616,5.578,1.0
62.3,128.190422,38.162825,3121.4479608,11.598,-6.15,5.491,1.0
62.4,128.190479,38.16328,3117.14388,11.615,-5.627,5.611,1.0
62.5,128.190538,38.163736,3112.8733272,11.629,-5.717,5.624,1.0
62.6,128.190596,38.164191,3108.6442272,11.666,-5.93,5.59,1.0
62.7,128.190655,38.164646,3104.4587136,11.669,-5.308,5.743,1.0
62.8,128.190714,38.165101,3100.2966696,11.707,-6.129,5.596,1.0
62.9,128.190773,38.165556,3096.146208,11.72,-5.532,5.732,1.0
63.0,128.190832,38.166011,3091.9966608,11.741,-5.829,5.701,1.0
63.1,128.190892,38.166465,3087.8916144000004,11.774,-5.552,5.767,1.0
63.2,128.190952,38.16692,3083.7768144,11.779,-5.821,5.744,1.0
63.3,128.191012,38.167375,3079.7467488,11.813,-4.836,5.959,1.0
63.4,128.191073,38.167829,3075.7459440000002,11.842,-6.428,5.654,1.0
63.5,128.191133,38.168283,3071.750016,11.831,-4.422,6.093,1.0
63.6,128.191194,38.168737,3067.8485760000003,11.914,-6.453,5.682,1.0
63.7,128.191255,38.169191,3063.8020512,11.867,-5.724,5.869,1.0
63.8,128.191317,38.169645,3059.9207280000005,11.933,-3.398,6.37,1.0
63.9,128.191379,38.170099,3056.2134456000003,11.966,-6.519,5.738,1.0
64.0,128.191441,38.170552,3052.3955208,11.906,-4.643,6.165,1.0
64.1,128.191504,38.171005,3048.8781288,12.015,-2.616,6.603,1.0
64.2,128.191568,38.171458,3045.540264,12.027,-6.788,5.744,1.0
64.3,128.191631,38.17191,3041.9372232,11.961,-5.42,6.06,1.0
64.4,128.191695,38.172363,3038.4594552000003,12.061,-3.082,6.568,1.0
64.5,128.191759,38.172815,3035.1139704,12.083,-6.463,5.875,1.0
64.6,128.191823,38.173267,3031.5929208000002,12.021,-4.607,6.3,1.0
64.7,128.191888,38.173719,3028.3275984,12.133,-2.387,6.783,1.0
64.8,128.191953,38.17417,3025.2463752000003,12.148,-6.306,5.969,1.0
64.9,128.192018,38.174621,3021.9417336,12.081,-4.866,6.307,1.0
65.0,128.192084,38.175072,3018.798636,12.181,-2.635,6.797,1.0
65.1,128.19215,38.175523,3015.7926984000005,12.198,-6.168,6.063,1.0
65.2,128.192216,38.175973,3012.5904696,12.141,-4.419,6.468,1.0
65.3,128.192283,38.176423,3009.6137928000003,12.253,-2.173,6.961,1.0
65.4,128.19235,38.176874,3006.8096328000006,12.27,-5.942,6.171,1.0
65.5,128.192417,38.177323,3003.7975992,12.205,-4.425,6.529,1.0
65.6,128.192484,38.177773,3000.9672264,12.308,-2.219,7.019,1.0
65.7,128.192552,38.178222,2998.2816336,12.322,-5.817,6.263,1.0
65.8,128.19262,38.178671,2995.3951776000004,12.267,-4.148,6.655,1.0
65.9,128.192688,38.17912,2992.7178144000004,12.379,-1.915,7.15,1.0
66.0,128.192757,38.179568,2990.2032144000004,12.397,-5.6,6.368,1.0
66.1,128.192826,38.180016,2987.4868368,12.335,-4.042,6.741,1.0
66.2,128.192896,38.180464,2984.9609592,12.441,-1.845,7.232,1.0
66.3,128.192966,38.180912,2982.583824,12.457,-5.458,6.463,1.0
66.4,128.193035,38.181359,2980.00674,12.402,-3.837,6.851,1.0
66.5,128.193105,38.181807,2977.6299096000002,12.514,-1.625,7.347,1.0
66.6,128.193176,38.182254,2975.4091368000004,12.532,-5.26,6.567,1.0
66.7,128.193247,38.1827,2972.9899392,12.473,-3.688,6.947,1.0
66.8,128.193318,38.183147,2970.7642896,12.583,-1.499,7.442,1.0
66.9,128.19339,38.183593,2968.6879920000006,12.6,-5.102,6.664,1.0
67.0,128.193461,38.184039,2966.4138792,12.546,-3.509,7.052,1.0
67.1,128.193534,38.184485,2964.3357528,12.659,-1.316,7.549,1.0
67.2,128.193606,38.18493,2962.4097216,12.677,-4.917,6.767,1.0
67.3,128.193679,38.185375,2960.2873992,12.622,-3.345,7.153,1.0
67.4,128.193752,38.18582,2958.35832,12.734,-1.168,7.65,1.0
67.5,128.193826,38.186265,2956.5779832,12.752,-4.75,6.866,1.0
67.6,128.193899,38.186709,2954.6022696,12.699,-3.175,7.256,1.0
67.7,128.193973,38.187153,2952.8197992,12.813,-1.001,7.755,1.0
67.8,128.194048,38.187597,2951.1863760000006,12.832,-4.572,6.968,1.0
67.9,128.194122,38.188041,2949.3591,12.78,-3.008,7.359,1.0
68.0,128.194197,38.188484,2947.723848,12.894,-0.844,7.859,1.0
68.1,128.194272,38.188927,2946.2355096,12.914,-4.401,7.069,1.0
68.2,128.194348,38.18937,2944.5545376,12.862,-2.841,7.462,1.0
68.3,128.194424,38.189813,2943.0643704,12.978,-0.683,7.964,1.0
68.4,128.1945,38.190255,2941.7208120000005,12.998,-4.226,7.172,1.0
68.5,128.194576,38.190697,2940.1858392000004,12.948,-2.674,7.566,1.0
68.6,128.194653,38.191139,2938.8407568000002,13.065,-0.525,8.069,1.0
68.7,128.19473,38.19158,2937.6410640000004,13.085,-4.054,7.274,1.0
68.8,128.194808,38.192021,2936.251176,13.036,-2.508,7.67,1.0
68.9,128.194885,38.192462,2935.0499592,13.154,-0.366,8.174,1.0
69.0,128.194964,38.192903,2933.9929128,13.174,-3.881,7.376,1.0
69.1,128.195042,38.193344,2932.7471952,13.126,-2.342,7.774,1.0
69.2,128.19512,38.193784,2931.6895392,13.245,-0.208,8.28,1.0
69.3,128.1952,38.194224,2930.7745296000003,13.266,-3.709,7.48,1.0
69.4,128.195279,38.194663,2929.6720680000003,13.219,-2.176,7.879,1.0
69.5,128.195358,38.195103,2928.7567536,13.339,-0.051,8.387,1.0
69.6,128.195439,38.195542,2927.9825616000003,13.361,-3.537,7.583,1.0
69.7,128.195518,38.19598,2927.0227464000004,13.314,-2.011,7.985,1.0
69.8,128.195599,38.196419,2926.2485544,13.436,0.105,8.494,1.0
69.9,128.19568,38.196857,2925.6148752000004,13.458,-3.366,7.687,1.0
70.0,128.195761,38.197295,2924.7967920000006,13.413,-1.847,8.091,1.0
70.1,128.195843,38.197733,2924.1631128,13.536,0.261,8.602,1.0
70.2,128.195925,38.19817,2923.6684224,13.558,-3.195,7.791,1.0
70.3,128.196006,38.198608,2922.990852,13.513,-1.683,8.197,1.0
70.4,128.196089,38.199044,2922.4967712000002,13.638,0.416,8.71,1.0
70.5,128.196172,38.199481,2922.1404600000005,13.661,-3.024,7.896,1.0
70.6,128.196255,38.199917,2921.6027928,13.617,-1.519,8.304,1.0
70.7,128.196338,38.200353,2921.247396,13.744,0.571,8.818,1.0
70.8,128.196422,38.200789,2921.0285496,13.766,-2.854,8.002,1.0
70.9,128.196506,38.201225,2920.6295664000004,13.724,-1.356,8.412,1.0
71.0,128.19659,38.20166,2920.4116344000004,13.852,0.725,8.928,1.0
71.1,128.196675,38.202095,2920.3290336,13.875,-2.685,8.108,1.0
71.2,128.19676,38.20253,2920.06782,13.833,-1.194,8.52,1.0
71.3,128.196845,38.202964,2919.9867432,13.963,0.879,9.038,1.0
71.4,128.196931,38.203398,2920.0394736000003,13.986,-2.516,8.214,1.0
71.5,128.197016,38.203832,2919.91542,13.945,-1.032,8.628,1.0
71.6,128.197103,38.204265,2919.9696744,14.077,1.032,9.148,1.0
71.7,128.197189,38.204699,2920.1571264,14.1,-2.347,8.321,1.0
71.8,128.197276,38.205132,2920.1687088,14.06,-0.871,8.737,1.0
71.9,128.197363,38.205564,2920.3576848000002,14.194,1.184,9.259,1.0
72.0,128.197451,38.205997,2920.6786392000004,14.218,-2.179,8.428,1.0
72.1,128.197538,38.206429,2920.8249432000002,14.179,-0.711,8.847,1.0
72.2,128.197626,38.206861,2921.1477264,14.313,1.335,9.372,1.0
72.3,128.197715,38.207292,2921.600964,14.336,-2.012,8.537,1.0
72.4,128.197803,38.207724,2921.8810752000004,14.301,-0.551,8.959,1.0
72.5,128.197893,38.208155,2922.3364464000006,14.434,1.486,9.485,1.0
72.6,128.197982,38.208585,2922.920748,14.457,-1.845,8.647,1.0
72.7,128.198072,38.209016,2923.3340568000003,14.424,-0.392,9.072,1.0
72.8,128.198162,38.209446,2923.920492,14.556,1.635,9.6,1.0
72.9,128.198252,38.209876,2924.635248,14.579,-1.68,8.759,1.0
73.0,128.198343,38.210305,2925.1799256000004,14.548,-0.234,9.185,1.0
73.1,128.198434,38.210735,2925.89712,14.68,1.784,9.716,1.0
73.2,128.198525,38.211164,2926.7408064,14.702,-1.515,8.871,1.0
73.3,128.198616,38.211592,2927.4159384,14.674,-0.077,9.3,1.0
73.4,128.198708,38.212021,2928.262368,14.806,1.932,9.833,1.0
73.5,128.198801,38.212449,2929.2337656,14.827,-1.351,8.984,1.0
73.6,128.198893,38.212877,2930.0387424,14.801,0.078,9.416,1.0
73.7,128.198986,38.213304,2931.013188,14.933,2.079,9.951,1.0
73.8,128.19908,38.213732,2932.1113824000004,14.953,-1.187,9.098,1.0
73.9,128.199173,38.214159,2933.0446800000004,14.929,0.234,9.532,1.0
74.0,128.199267,38.214585,2934.1459224,15.061,2.225,10.07,1.0
74.1,128.199361,38.215012,2935.3699992,15.08,-1.025,9.213,1.0
74.2,128.199456,38.215438,2936.4303984000003,15.059,0.388,9.65,1.0
74.3,128.199551,38.215864,2937.6575232000005,15.19,2.37,10.189,1.0
74.4,128.199646,38.216289,2939.0059584,15.21,-0.863,9.328,1.0
74.5,128.199741,38.216714,2940.19224,15.193,0.543,9.765,1.0
74.6,128.199837,38.217139,2941.5440280000003,15.324,2.515,10.307,1.0
74.7,128.199934,38.217564,2943.0159072,15.344,-0.701,9.441,1.0
74.8,128.20003,38.217988,2944.3271568,15.332,0.698,9.878,1.0
74.9,128.200127,38.218412,2945.8023888000002,15.462,2.66,10.424,1.0
75.0,128.200224,38.218836,2947.3967976,15.484,-0.539,9.554,1.0
75.1,128.200321,38.21926,2948.8321008000003,15.477,0.852,9.991,1.0
75.2,128.200419,38.219683,2950.4298624000003,15.606,2.804,10.541,1.0
75.3,128.200518,38.220106,2952.1455816000002,15.631,-0.378,9.666,1.0
75.4,128.200616,38.220528,2953.7037192000003,15.629,1.005,10.104,1.0
75.5,128.200715,38.220951,2955.4234008000003,15.758,2.948,10.658,1.0
75.6,128.200814,38.221373,2957.2592112,15.784,-0.217,9.777,1.0
75.7,128.200913,38.221794,2958.9392688000003,15.788,1.159,10.217,1.0
75.8,128.201013,38.222216,2960.7793464000006,15.917,3.091,10.775,1.0
75.9,128.201113,38.222637,2962.7346384,15.946,-0.057,9.889,1.0
76.0,128.201213,38.223058,2964.5357016,15.954,1.311,10.33,1.0
76.1,128.201314,38.223478,2966.4952608,16.083,3.233,10.892,1.0
76.2,128.201416,38.223899,2968.56912,16.115,0.102,10.0,1.0
76.3,128.201517,38.224319,2970.4899695999998,16.128,1.463,10.443,1.0
76.4,128.201619,38.224738,2972.5680960000004,16.257,3.375,11.01,1.0
76.5,128.201721,38.225157,2974.7586936000002,16.291,0.261,10.112,1.0
76.6,128.201823,38.225577,2976.7984152,16.31,1.614,10.556,1.0
76.7,128.201926,38.225995,2978.9941943999997,16.44,3.515,11.128,1.0
76.8,128.202029,38.226414,2981.3009208000003,16.476,0.42,10.224,1.0
76.9,128.202132,38.226832,2983.4582952,16.5,1.764,10.67,1.0
77.0,128.202236,38.22725,2985.7702032,16.63,3.655,11.247,1.0
77.1,128.20234,38.227667,2988.1924488000004,16.669,0.578,10.336,1.0
77.2,128.202444,38.228085,2990.4662568000003,16.698,1.914,10.785,1.0
77.3,128.202549,38.228502,2992.893684,16.835,3.795,11.365,1.0
77.4,128.202654,38.228918,2995.42962,16.876,0.735,10.447,1.0
77.5,128.202759,38.229335,2997.8210808,16.911,2.065,10.898,1.0
77.6,128.202865,38.229751,3000.3664656,17.056,3.938,11.483,1.0
77.7,128.202972,38.230166,3003.022188,17.099,0.903,10.56,1.0
77.8,128.203078,38.230582,3005.538312,17.143,2.23,11.012,1.0
77.9,128.203184,38.230997,3008.2083600000005,17.299,4.097,11.602,1.0
78.0,128.203292,38.231412,3010.9887456,17.339,1.082,10.672,1.0
78.1,128.203399,38.231826,3013.6319712000004,17.393,2.399,11.124,1.0
78.2,128.203507,38.232241,3016.4294256000003,17.563,4.255,11.715,1.0
78.3,128.203615,38.232654,3019.3363032,17.596,1.259,10.78,1.0
78.4,128.203723,38.233068,3022.1075448,17.661,2.571,11.233,1.0
78.5,128.203832,38.233481,3025.031796,17.847,4.418,11.826,1.0
78.6,128.203942,38.233894,3028.0663848000004,17.877,1.442,10.885,1.0
78.7,128.204051,38.234307,3030.9665568,17.949,2.744,11.341,1.0
78.8,128.204161,38.234719,3034.0173,18.142,4.581,11.937,1.0
78.9,128.204271,38.235131,3037.1759424,18.176,1.62,10.988,1.0
79.0,128.204381,38.235543,3040.2010824000004,18.263,2.912,11.443,1.0
79.1,128.204492,38.235954,3043.3749648,18.444,4.735,12.047,1.0
79.2,128.204604,38.236365,3046.6546128,18.484,1.795,11.094,1.0
79.3,128.204715,38.236776,3049.8025872000003,18.584,3.081,11.55,1.0
79.4,128.204827,38.237186,3053.0974752,18.765,4.893,12.166,1.0
79.5,128.20494,38.237596,3056.4966048,18.795,1.973,11.204,1.0
79.6,128.205052,38.238006,3059.7674136,18.909,3.251,11.661,1.0
79.7,128.205165,38.238415,3063.1842216,19.085,5.051,12.284,1.0
79.8,128.205279,38.238824,3066.7052712000004,19.115,2.153,11.315,1.0
79.9,128.205392,38.239233,3070.0998288,19.241,3.424,11.774,1.0
80.0,128.205506,38.239641,3073.6394712,19.413,5.212,12.407,1.0
80.1,128.205621,38.240049,3077.2827456,19.439,2.333,11.43,1.0
80.2,128.205736,38.240457,3080.8007472,19.575,3.594,11.893,1.0
80.3,128.205851,38.240865,3084.463224,19.741,5.368,12.539,1.0
80.4,128.205967,38.241272,3088.2278088000003,19.759,2.51,11.554,1.0
80.5,128.206082,38.241679,3091.8692544,19.901,3.763,12.022,1.0
80.6,128.206199,38.242085,3095.653956,20.057,5.524,12.682,1.0
80.7,128.206315,38.242491,3099.5398511999997,20.068,2.686,11.687,1.0
80.8,128.206432,38.242897,3103.304436,20.213,3.928,12.161,1.0
80.9,128.20655,38.243303,3107.2110576000005,20.359,5.675,12.834,1.0
81.0,128.206668,38.243708,3111.2176535999997,20.364,2.86,11.829,1.0
81.1,128.206785,38.244113,3115.104768,20.511,4.093,12.31,1.0
81.2,128.206904,38.244517,3119.1327,20.651,5.826,12.993,1.0
81.3,128.207023,38.244921,3123.2593872,20.653,3.032,11.977,1.0
81.4,128.207142,38.245325,3127.2684216,20.803,4.253,12.464,1.0
81.5,128.207261,38.245729,3131.4170544000003,20.943,5.974,13.156,1.0
81.6,128.207382,38.246132,3135.6626136,20.947,3.202,12.127,1.0
81.7,128.207502,38.246534,3139.7923488000006,21.101,4.413,12.62,1.0
81.8,128.207623,38.246937,3144.0601584,21.247,6.122,13.318,1.0
81.9,128.207744,38.247339,3148.4233704000003,21.255,3.372,12.277,1.0
82.0,128.207865,38.247741,3152.6725872,21.415,4.574,12.775,1.0
82.1,128.207987,38.248142,3157.0580496000002,21.571,6.27,13.478,1.0
82.2,128.20811,38.248543,3161.538,21.584,3.543,12.425,1.0
82.3,128.208232,38.248944,3165.9051744,21.749,4.734,12.928,1.0
82.4,128.208355,38.249345,3170.4070704,21.916,6.418,13.636,1.0
82.5,128.208479,38.249745,3175.0016256000004,21.932,3.713,12.572,1.0
82.6,128.208602,38.250145,3179.4852336,22.104,4.895,13.079,1.0
82.7,128.208727,38.250544,3184.1020392000005,22.28,6.567,13.793,1.0
82.8,128.208852,38.250943,3188.8099800000005,22.297,3.884,12.718,1.0
82.9,128.208977,38.251342,3193.4084976,22.474,5.055,13.23,1.0
83.0,128.209102,38.25174,3198.1383840000003,22.657,6.714,13.952,1.0
83.1,128.209228,38.252138,3202.9581864,22.672,4.054,12.866,1.0
83.2,128.209354,38.252536,3207.6703944,22.854,5.215,13.384,1.0
83.3,128.209481,38.252934,3212.5121424,23.043,6.86,14.113,1.0
83.4,128.209608,38.25333,3217.4422824000003,23.055,4.222,13.016,1.0
83.5,128.209736,38.253727,3222.2660472000002,23.24,5.372,13.54,1.0
83.6,128.209864,38.254124,3227.2181328000006,23.434,7.005,14.277,1.0
83.7,128.209992,38.25452,3232.2567816,23.443,4.389,13.17,1.0
83.8,128.210121,38.254915,3237.190884,23.633,5.529,13.699,1.0
83.9,128.21025,38.255311,3242.2514784000005,23.831,7.147,14.445,1.0
84.0,128.21038,38.255705,3247.3974168000004,23.838,4.554,13.326,1.0
84.1,128.21051,38.2561,3252.4400280000004,24.032,5.684,13.86,1.0
84.2,128.21064,38.256494,3257.6073024,24.235,7.288,14.615,1.0
84.3,128.210771,38.256888,3262.8587016,24.24,4.718,13.485,1.0
84.4,128.210902,38.257282,3268.0086024,24.439,5.837,14.025,1.0
84.5,128.211034,38.257675,3273.2810328000005,24.647,7.428,14.788,1.0
84.6,128.211167,38.258068,3278.6360640000003,24.65,4.881,13.647,1.0
84.7,128.211299,38.25846,3283.8911208000004,24.854,5.989,14.192,1.0
84.8,128.211432,38.258853,3289.2671832,25.067,7.566,14.964,1.0
84.9,128.211566,38.259244,3294.7243224,25.069,5.042,13.811,1.0
85.0,128.2117,38.259636,3300.0827064,25.277,6.138,14.361,1.0
85.1,128.211834,38.260027,3305.5602672,25.495,7.698,15.14,1.0
85.2,128.21197,38.260418,3311.1164664000003,25.495,5.192,13.973,1.0
85.3,128.212105,38.260808,3316.5742152,25.708,6.272,14.527,1.0
85.4,128.21224,38.261198,3322.1468736,25.931,7.807,15.308,1.0
85.5,128.212377,38.261588,3327.7935984000005,25.93,5.316,14.126,1.0
85.6,128.212513,38.261977,3333.3394344000003,26.147,6.381,14.683,1.0
85.7,128.21265,38.262366,3338.9949984000004,26.376,7.911,15.478,1.0
85.8,128.212788,38.262755,3344.7228,26.374,5.46,14.291,1.0
85.9,128.212926,38.263143,3350.3521511999998,26.596,6.503,14.849,1.0
86.0,128.213064,38.263531,3356.0845248,26.824,7.932,15.609,1.0
86.1,128.213203,38.263919,3361.8702384000003,26.819,5.404,14.359,1.0
86.2,128.213342,38.264306,3367.5312888000003,27.043,6.373,14.89,1.0
86.3,128.213481,38.264693,3373.2679296,27.28,7.845,15.686,1.0
86.4,128.213621,38.26508,3379.0490712000005,27.284,5.469,14.49,1.0
86.5,128.21376,38.265467,3384.7149984000002,27.514,6.488,15.058,1.0
86.6,128.213901,38.265853,3390.4623072000004,27.747,7.83,15.802,1.0
86.7,128.214042,38.266239,3396.2474112,27.753,5.476,14.594,1.0
86.8,128.214182,38.266624,3401.9163864,27.986,6.467,15.158,1.0
86.9,128.214323,38.26701,3407.6359584,28.194,7.385,15.688,1.0
87.0,128.214465,38.267395,3413.3838768,28.267,6.039,14.999,1.0
87.1,128.214607,38.26778,3419.1250896000006,28.509,7.231,15.685,1.0
87.2,128.214749,38.268165,3424.9010496,28.611,6.421,15.28,1.0
87.3,128.214892,38.268549,3430.6757904,28.814,6.956,15.614,1.0
87.4,128.215035,38.268933,3436.4611992,28.951,6.58,15.444,1.0
87.5,128.215179,38.269317,3442.252704,29.129,6.754,15.58,1.0
87.6,128.215323,38.269701,3448.051524,29.298,6.768,15.628,1.0
87.7,128.215468,38.270085,3453.8570496,29.467,6.778,15.673,1.0
87.8,128.215613,38.270468,3459.6692808,29.637,6.787,15.719,1.0
87.9,128.215758,38.270852,3465.487608,29.808,6.796,15.765,1.0
88.0,128.215904,38.271235,3471.3120312,29.981,6.806,15.811,1.0
88.1,128.21605,38.271618,3477.1419408,30.154,6.816,15.858,1.0
88.2,128.216197,38.272002,3482.9773368,30.329,6.826,15.906,1.0
88.3,128.216344,38.272385,3488.8179144000005,30.504,6.836,15.954,1.0
88.4,128.216491,38.272768,3494.6636736000005,30.681,6.846,16.002,1.0
88.5,128.216639,38.27315,3500.5143096,30.859,6.856,16.05,1.0
88.6,128.216788,38.273533,3506.3695176,31.038,6.866,16.099,1.0
88.7,128.216937,38.273916,3512.2296024,31.218,6.876,16.148,1.0
88.8,128.217086,38.274298,3518.0942592,31.399,6.885,16.197,1.0
88.9,128.217236,38.27468,3523.9631832,31.58,6.895,16.247,1.0
89.0,128.217386,38.275063,3529.8363744,31.763,6.904,16.297,1.0
89.1,128.217537,38.275445,3535.713528,31.947,6.913,16.347,1.0
89.2,128.217688,38.275827,3541.5946440000002,32.132,6.922,16.397,1.0
89.3,128.21784,38.276209,3547.4794176,32.318,6.931,16.448,1.0
89.4,128.217992,38.27659,3553.3678488000005,32.505,6.94,16.499,1.0
89.5,128.218144,38.276972,3559.2599376,32.693,6.948,16.55,1.0
89.6,128.218297,38.277354,3565.1550744,32.882,6.956,16.602,1.0
89.7,128.218451,38.277735,3571.0535640000003,33.072,6.964,16.654,1.0
89.8,128.218605,38.278116,3576.9547968,33.263,6.972,16.706,1.0
89.9,128.218759,38.278497,3582.8590776,33.455,6.98,16.758,1.0
90.0,128.218914,38.278878,3588.7657968,33.648,6.988,16.811,1.0
90.1,128.21907,38.279259,3594.6752592000003,33.842,6.995,16.864,1.0
90.2,128.219225,38.27964,3600.5868552,34.038,7.003,16.917,1.0
90.3,128.219382,38.280021,3606.5005848000005,34.234,7.01,16.971,1.0
90.4,128.219539,38.280401,3612.4164480000004,34.431,7.017,17.025,1.0
90.5,128.219696,38.280781,3618.33414,34.629,7.023,17.079,1.0
90.6,128.219854,38.281162,3624.253356,34.829,7.03,17.133,1.0
90.7,128.220012,38.281542,3630.1744008000005,35.029,7.036,17.188,1.0
90.8,128.220171,38.281922,3636.0963600000005,35.23,7.043,17.243,1.0
90.9,128.22033,38.282302,3642.0195384000003,35.433,7.049,17.298,1.0
91.0,128.22049,38.282681,3647.943936,35.637,7.054,17.354,1.0
91.1,128.220651,38.283061,3653.8689432,35.841,7.06,17.41,1.0
91.2,128.220811,38.28344,3659.7945600000003,36.047,7.065,17.466,1.0
91.3,128.220973,38.28382,3665.7204816000003,36.254,7.071,17.523,1.0
91.4,128.221135,38.284199,3671.6467079999998,36.461,7.076,17.579,1.0
91.5,128.221297,38.284578,3677.5732392000004,36.67,7.081,17.637,1.0
91.6,128.22146,38.284957,3683.4994656,36.88,7.085,17.694,1.0
91.7,128.221623,38.285335,3689.4250824000005,37.091,7.09,17.752,1.0
91.8,128.221787,38.285714,3695.3506992,37.303,7.094,17.81,1.0
91.9,128.221952,38.286092,3701.2750968,37.517,7.098,17.868,1.0
92.0,128.222117,38.286471,3707.1988848000005,37.731,7.102,17.926,1.0
92.1,128.222282,38.286849,3713.1214535999998,37.946,7.105,17.985,1.0
92.2,128.222448,38.287227,3719.0428032000004,38.163,7.109,18.045,1.0
92.3,128.222615,38.287605,3724.9626288,38.38,7.112,18.104,1.0
92.4,128.222782,38.287983,3730.8809304000006,38.599,7.115,18.164,1.0
92.5,128.22295,38.28836,3736.7970984000003,38.819,7.118,18.224,1.0
92.6,128.223118,38.288738,3742.7111328000005,39.04,7.12,18.284,1.0
92.7,128.223286,38.289115,3748.6230336,39.262,7.122,18.345,1.0
92.8,128.223456,38.289492,3754.5321912000004,39.485,7.124,18.406,1.0
92.9,128.223626,38.289869,3760.4389104,39.709,7.126,18.468,1.0
93.0,128.223796,38.290246,3766.3422768,39.934,7.128,18.529,1.0
93.1,128.223967,38.290623,3772.2429,40.161,7.129,18.591,1.0
93.2,128.224138,38.290999,3778.1398656,40.388,7.13,18.654,1.0
93.3,128.22431,38.291376,3784.0334784000006,40.617,7.131,18.716,1.0
93.4,128.224483,38.291752,3789.9228239999998,40.847,7.132,18.779,1.0
93.5,128.224656,38.292128,3795.8085120000005,41.078,7.132,18.842,1.0
93.6,128.22483,38.292504,3801.6899328000004,41.31,7.132,18.906,1.0
93.7,128.225004,38.29288,3807.5667816,41.543,7.132,18.97,1.0
93.8,128.225179,38.293256,3813.4387536,41.778,7.132,19.034,1.0
93.9,128.225354,38.293631,3819.3061536,42.013,7.131,19.099,1.0
94.0,128.22553,38.294006,3825.1680671999998,42.25,7.131,19.164,1.0
94.1,128.225707,38.294381,3831.0244944,42.487,7.129,19.229,1.0
94.2,128.225884,38.294756,3836.8754352000005,42.726,7.128,19.294,1.0
94.3,128.226062,38.295131,3842.7205848000003,42.966,7.126,19.36,1.0
94.4,128.22624,38.295506,3848.5593336,43.207,7.124,19.426,1.0
94.5,128.226419,38.29588,3854.3919864000004,43.45,7.122,19.493,1.0
94.6,128.226598,38.296255,3860.2179336,43.693,7.12,19.559,1.0
94.7,128.226779,38.296629,3866.0368704,43.938,7.117,19.627,1.0
94.8,128.226959,38.297003,3871.8487968,44.183,7.114,19.694,1.0
94.9,128.227141,38.297377,3877.653408,44.43,7.111,19.762,1.0
95.0,128.227322,38.297751,3883.4503992,44.678,7.107,19.83,1.0
95.1,128.227505,38.298124,3889.2394656,44.928,7.103,19.898,1.0
95.2,128.227688,38.298497,3895.0203024,45.178,7.099,19.967,1.0
95.3,128.227872,38.298871,3900.7929096000003,45.429,7.095,20.036,1.0
95.4,128.228056,38.299244,3906.5569824000004,45.682,7.09,20.105,1.0
95.5,128.228241,38.299616,3912.3119112,45.936,7.085,20.175,1.0
95.6,128.228426,38.299989,3918.0576960000003,46.191,7.08,20.245,1.0
95.7,128.228612,38.300361,3923.7943368,46.447,7.074,20.316,1.0
95.8,128.228799,38.300734,3929.5209192000007,46.704,7.068,20.386,1.0
95.9,128.228987,38.301106,3935.2377480000005,46.963,7.062,20.457,1.0
96.0,128.229175,38.301478,3940.9442136000002,47.222,7.055,20.529,1.0
96.1,128.229363,38.30185,3946.6400112,47.483,7.048,20.601,1.0
96.2,128.229552,38.302221,3952.3251408,47.745,7.041,20.673,1.0
96.3,128.229742,38.302593,3957.9989928,48.008,7.034,20.745,1.0
96.4,128.229933,38.302964,3963.661872,48.272,7.026,20.818,1.0
96.5,128.230124,38.303335,3969.3128640000004,48.538,7.018,20.891,1.0
96.6,128.230316,38.303706,3974.951664,48.804,7.009,20.964,1.0
96.7,128.230508,38.304076,3980.5785768,49.072,7.0,21.038,1.0
96.8,128.230701,38.304447,3986.192688,49.341,6.991,21.112,1.0
96.9,128.230895,38.304817,3991.7943024,49.611,6.982,21.186,1.0
97.0,128.231089,38.305187,3997.3825056000005,49.882,6.972,21.261,1.0
97.1,128.231284,38.305557,4002.9576024000003,50.154,6.962,21.336,1.0
97.2,128.23148,38.305927,4008.5186784000007,50.427,6.951,21.411,1.0
97.3,128.231676,38.306296,4014.0657336,50.702,6.94,21.487,1.0
97.4,128.231873,38.306666,4019.5987680000003,50.978,6.929,21.563,1.0
97.5,128.232071,38.307035,4025.1168672,51.255,6.917,21.639,1.0
97.6,128.232269,38.307404,4030.6200312,51.533,6.905,21.716,1.0
97.7,128.232468,38.307773,4036.1079552000006,51.812,6.893,21.793,1.0
97.8,128.232668,38.308141,4041.5803344,52.092,6.88,21.871,1.0
97.9,128.232868,38.30851,4047.036864,52.374,6.867,21.948,1.0
98.0,128.233069,38.308878,4052.4772392000004,52.656,6.854,22.026,1.0
98.1,128.233271,38.309246,4057.9011552,52.94,6.84,22.105,1.0
98.2,128.233473,38.309614,4063.3080024,53.225,6.825,22.183,1.0
98.3,128.233676,38.309981,4068.6977808,53.511,6.811,22.262,1.0
98.4,128.23388,38.310348,4074.0701856,53.798,6.796,22.342,1.0
98.5,128.234084,38.310716,4079.4243024,54.086,6.78,22.421,1.0
98.6,128.234289,38.311083,4084.7607408000003,54.375,6.765,22.501,1.0
98.7,128.234495,38.311449,4090.0782816,54.666,6.748,22.582,1.0
98.8,128.234701,38.311816,4095.3772296,54.957,6.732,22.662,1.0
98.9,128.234908,38.312182,4100.6569752000005,55.25,6.715,22.743,1.0
99.0,128.235116,38.312548,4105.917213600001,55.544,6.697,22.824,1.0
99.1,128.235325,38.312914,4111.1573352000005,55.839,6.68,22.906,1.0
99.2,128.235534,38.31328,4116.3776448,56.135,6.661,22.988,1.0
99.3,128.235744,38.313646,4121.577228,56.432,6.643,23.07,1.0
99.4,128.235954,38.314011,4126.75578,56.73,6.624,23.153,1.0
99.5,128.236165,38.314376,4131.912996,57.029,6.604,23.236,1.0
99.6,128.236377,38.314741,4137.048876000001,57.33,6.584,23.319,1.0
99.7,128.23659,38.315106,4142.1625056,57.631,6.564,23.403,1.0
99.8,128.236804,38.31547,4147.2538848,57.934,6.543,23.486,1.0
99.9,128.237018,38.315834,4152.3224040000005,58.237,6.522,23.571,1.0
100.0,128.237233,38.316198,4157.3680632000005,58.542,6.5,23.655,1.0
100.1,128.237448,38.316562,4162.390252800001,58.848,6.478,23.74,1.0
100.2,128.237664,38.316926,4167.3886680000005,59.154,6.455,23.825,1.0
100.3,128.237881,38.317289,4172.3626992,59.462,6.432,23.91,1.0
100.4,128.238099,38.317652,4177.3123464,59.771,6.409,23.996,1.0
100.5,128.238318,38.318015,4182.237,60.081,6.385,24.082,1.0
100.6,128.238537,38.318378,4187.1363552,60.392,6.36,24.169,1.0
100.7,128.238757,38.31874,4192.010107200001,60.704,6.336,24.255,1.0
100.8,128.238977,38.319102,4196.857646400001,61.017,6.31,24.342,1.0
100.9,128.239199,38.319464,4201.6789728,61.331,6.284,24.429,1.0
101.0,128.239421,38.319826,4206.473172,61.646,6.258,24.517,1.0
101.1,128.239644,38.320188,4211.2402440000005,61.962,6.231,24.605,1.0
101.2,128.239867,38.320549,4215.9795792,62.279,6.204,24.693,1.0
101.3,128.240091,38.32091,4220.691177600001,62.597,6.176,24.782,1.0
101.4,128.240317,38.321271,4225.374124800001,62.916,6.148,24.87,1.0
101.5,128.240542,38.321631,4230.028116,63.235,6.119,24.959,1.0
101.6,128.240769,38.321992,4234.6531512,63.556,6.09,25.049,1.0
101.7,128.240996,38.322352,4239.2486208,63.878,6.06,25.138,1.0
101.8,128.241224,38.322712,4243.8139152,64.201,6.03,25.228,1.0
101.9,128.241453,38.323071,4248.3487296,64.525,5.999,25.318,1.0
102.0,128.241683,38.323431,4252.8527592,64.849,5.968,25.409,1.0
102.1,128.241913,38.32379,4257.3256992,65.175,5.936,25.5,1.0
102.2,128.242144,38.324149,4261.766635200001,65.501,5.904,25.591,1.0
102.3,128.242376,38.324508,4266.175872,65.829,5.871,25.682,1.0
102.4,128.242608,38.324866,4270.5524952000005,66.157,5.837,25.774,1.0
102.5,128.242842,38.325224,4274.8958952,66.486,5.803,25.865,1.0
102.6,128.243076,38.325582,4279.2063768,66.816,5.769,25.958,1.0
102.7,128.243311,38.32594,4283.4830256000005,67.147,5.734,26.05,1.0
102.8,128.243546,38.326297,4287.725232000001,67.479,5.698,26.143,1.0
102.9,128.243783,38.326655,4291.9329960000005,67.811,5.662,26.235,1.0
103.0,128.24402,38.327012,4296.1060128,68.145,5.626,26.329,1.0
103.1,128.244258,38.327368,4300.2430632000005,68.479,5.589,26.422,1.0
103.2,128.244496,38.327725,4304.344452,68.814,5.551,26.516,1.0
103.3,128.244736,38.328081,4308.4095696,69.15,5.513,26.61,1.0
103.4,128.244976,38.328437,4312.4378064,69.486,5.474,26.704,1.0
103.5,128.245217,38.328793,4316.429162400001,69.824,5.434,26.798,1.0
103.6,128.245459,38.329148,4320.3824184000005,70.162,5.394,26.893,1.0
103.7,128.245701,38.329503,4324.2978792,70.501,5.354,26.988,1.0
103.8,128.245945,38.329858,4328.174630400001,70.84,5.313,27.083,1.0
103.9,128.246189,38.330213,4332.012672,71.181,5.271,27.178,1.0
104.0,128.246434,38.330567,4335.811089600001,71.522,5.229,27.274,1.0
104.1,128.246679,38.330921,4339.569578400001,71.864,5.186,27.37,1.0
104.2,128.246926,38.331275,4343.2878336,72.206,5.143,27.466,1.0
104.3,128.247173,38.331629,4346.9652456,72.55,5.099,27.562,1.0
104.4,128.247421,38.331982,4350.6018144,72.894,5.054,27.658,1.0
104.5,128.24767,38.332335,4354.196320800001,73.238,5.009,27.755,1.0
104.6,128.24792,38.332688,4357.7487648,73.583,4.963,27.852,1.0
104.7,128.24817,38.333041,4361.258841600001,73.929,4.917,27.949,1.0
104.8,128.248421,38.333393,4364.725636800001,74.276,4.87,28.046,1.0
104.9,128.248673,38.333745,4368.148845600001,74.623,4.822,28.144,1.0
105.0,128.248926,38.334097,4371.528468,74.971,4.774,28.242,1.0
105.1,128.24918,38.334448,4374.863284800001,75.319,4.725,28.339,1.0
105.2,128.249434,38.334799,4378.153296,75.668,4.676,28.438,1.0
105.3,128.249689,38.33515,4381.3981968,76.017,4.626,28.536,1.0
105.4,128.249945,38.335501,4384.5970728,76.367,4.575,28.634,1.0
105.5,128.250202,38.335851,4387.749619200001,76.717,4.524,28.733,1.0
105.6,128.250459,38.336201,4390.8555312,77.068,4.472,28.832,1.0
105.7,128.250718,38.336551,4393.9141992,77.42,4.42,28.931,1.0
105.8,128.250977,38.336901,4396.9250136,77.772,4.367,29.03,1.0
105.9,128.251237,38.33725,4399.8876696,78.124,4.313,29.129,1.0
106.0,128.251497,38.337599,4402.801862400001,78.477,4.259,29.228,1.0
106.1,128.251759,38.337948,4405.6669824,78.83,4.204,29.328,1.0
106.2,128.252021,38.338296,4408.48242,79.184,4.148,29.428,1.0
106.3,128.252284,38.338644,4411.247565600001,79.538,4.092,29.527,1.0
106.4,128.252548,38.338992,4413.9624192,79.892,4.035,29.627,1.0
106.5,128.252813,38.339339,4416.6260664,80.247,3.978,29.728,1.0
106.6,128.253079,38.339687,4419.238507200001,80.602,3.919,29.828,1.0
106.7,128.253345,38.340034,4421.7985224,80.958,3.861,29.928,1.0
106.8,128.253612,38.34038,4424.3064168,81.314,3.801,30.029,1.0
106.9,128.25388,38.340727,4426.761276,81.67,3.741,30.129,1.0
107.0,128.254149,38.341073,4429.1627952,82.026,3.68,30.23,1.0
107.1,128.254418,38.341419,4431.5100600000005,82.383,3.619,30.331,1.0
107.2,128.254689,38.341764,4433.8033752,82.74,3.557,30.432,1.0
107.3,128.25496,38.342109,4436.0415216,83.097,3.495,30.533,1.0
107.4,128.255232,38.342454,4438.2241944,83.455,3.431,30.634,1.0
107.5,128.255504,38.342799,4440.3513936,83.813,3.367,30.736,1.0
107.6,128.255778,38.343143,4442.4219,84.17,3.303,30.837,1.0
107.7,128.256052,38.343487,4444.4357136,84.528,3.238,30.938,1.0
107.8,128.256328,38.343831,4446.3922248,84.887,3.172,31.04,1.0
107.9,128.256603,38.344174,4448.2911288000005,85.245,3.105,31.141,1.0
108.0,128.25688,38.344518,4450.1315112,85.603,3.038,31.243,1.0
108.1,128.257158,38.34486,4451.9130672,85.962,2.97,31.345,1.0
108.2,128.257436,38.345203,4453.635492,86.32,2.902,31.447,1.0
108.3,128.257715,38.345545,4455.298176,86.678,2.832,31.548,1.0
108.4,128.257995,38.345887,4456.9005096,87.037,2.763,31.65,1.0
108.5,128.258276,38.346229,4458.442188,87.395,2.692,31.752,1.0
108.6,128.258558,38.34657,4459.9226016,87.753,2.621,31.854,1.0
108.7,128.25884,38.346911,4461.3414456,88.112,2.549,31.956,1.0
108.8,128.259123,38.347252,4462.6981104,88.47,2.477,32.058,1.0
108.9,128.259407,38.347592,4463.9919864,88.828,2.403,32.16,1.0
109.0,128.259692,38.347932,4465.222464,89.186,2.33,32.262,1.0
109.1,128.259978,38.348272,4466.3895432,89.544,2.255,32.364,1.0
109.2,128.260264,38.348611,4467.4923096,89.901,2.18,32.466,1.0
109.3,128.260551,38.348951,4468.5304584000005,90.259,2.104,32.569,1.0
109.4,128.260839,38.349289,4469.50338,90.616,2.028,32.671,1.0
109.5,128.261128,38.349628,4470.4107696,90.973,1.951,32.773,1.0
109.6,128.261418,38.349966,4471.252322400001,91.329,1.873,32.875,1.0
109.7,128.261708,38.350304,4472.0268192,91.686,1.795,32.977,1.0
109.8,128.261999,38.350642,4472.7345648,92.042,1.716,33.079,1.0
109.9,128.262291,38.350979,4473.37434,92.398,1.636,33.181,1.0
110.0,128.262584,38.351316,4473.9464496,92.754,1.555,33.283,1.0
110.1,128.262877,38.351653,4474.4496744,93.109,1.474,33.385,1.0
110.2,128.263172,38.351989,4474.8840144000005,93.464,1.393,33.487,1.0
110.3,128.263467,38.352325,4475.248860000001,93.818,1.31,33.589,1.0
110.4,128.263763,38.35266,4475.5436016,94.172,1.227,33.691,1.0
110.5,128.264059,38.352996,4475.767934400001,94.526,1.144,33.793,1.0
110.6,128.264357,38.353331,4475.9215536,94.879,1.06,33.894,1.0
110.7,128.264655,38.353666,4476.00324,95.232,0.975,33.996,1.0
110.8,128.264954,38.354,4476.0132984,95.584,0.889,34.098,1.0
110.9,128.265254,38.354334,4475.9508144,95.936,0.803,34.199,1.0
111.0,128.265555,38.354668,4475.8154832,96.288,0.716,34.301,1.0
111.1,128.265856,38.355001,4475.6066952,96.639,0.629,34.402,1.0
111.2,128.266158,38.355334,4475.3241456000005,96.989,0.541,34.504,1.0
111.3,128.266461,38.355667,4474.967224800001,97.339,0.452,34.605,1.0
111.4,128.266765,38.355999,4474.5356280000005,97.688,0.363,34.706,1.0
111.5,128.26707,38.356332,4474.0284408,98.036,0.273,34.807,1.0
111.6,128.267375,38.356663,4473.445968,98.384,0.182,34.908,1.0
111.7,128.267681,38.356995,4472.7869904,98.732,0.091,35.009,1.0
111.8,128.267988,38.357326,4472.051203200001,99.079,0.0,35.11,1.0
111.9,128.268296,38.357657,4471.2386064,99.425,-0.093,35.21,1.0
112.0,128.268604,38.357987,4470.3479808,99.77,-0.186,35.311,1.0
112.1,128.268913,38.358317,4469.3796312,100.115,-0.279,35.411,1.0
112.2,128.269223,38.358647,4468.3326432,100.459,-0.374,35.512,1.0
112.3,128.269534,38.358976,4467.2064072,100.802,-0.469,35.612,1.0
112.4,128.269845,38.359306,4466.0009232,101.145,-0.564,35.712,1.0
112.5,128.270157,38.359634,4464.7152768000005,101.486,-0.66,35.812,1.0
112.6,128.27047,38.359963,4463.349468,101.827,-0.757,35.912,1.0
112.7,128.270784,38.360291,4461.9025824,102.168,-0.854,36.011,1.0
112.8,128.271099,38.360619,4460.3746200000005,102.507,-0.952,36.111,1.0
112.9,128.271414,38.360946,4458.7646664,102.845,-1.051,36.21,1.0
113.0,128.27173,38.361273,4457.072416800001,103.183,-1.15,36.31,1.0
113.1,128.272047,38.3616,4455.2975664000005,103.52,-1.249,36.409,1.0
113.2,128.272364,38.361926,4453.4398104,103.856,-1.35,36.508,1.0
113.3,128.272682,38.362252,4451.4982344,104.191,-1.45,36.606,1.0
113.4,128.273001,38.362578,4449.4728384,104.525,-1.552,36.705,1.0
113.5,128.273321,38.362903,4447.362708,104.859,-1.654,36.804,1.0
113.6,128.273642,38.363228,4445.1678432,105.191,-1.756,36.902,1.0
113.7,128.273963,38.363553,4442.8876344,105.522,-1.859,37.0,1.0
113.8,128.274285,38.363877,4440.521472,105.853,-1.963,37.098,1.0
113.9,128.274608,38.364201,4438.069356,106.182,-2.067,37.196,1.0
114.0,128.274931,38.364525,4435.530372,106.511,-2.172,37.293,1.0
114.1,128.275255,38.364848,4432.9042152,106.838,-2.277,37.391,1.0
114.2,128.27558,38.365171,4430.1905808,107.165,-2.383,37.488,1.0
114.3,128.275906,38.365494,4427.389164,107.49,-2.489,37.585,1.0
114.4,128.276232,38.365816,4424.499050400001,107.815,-2.596,37.682,1.0
114.5,128.276559,38.366138,4421.52024,108.138,-2.704,37.778,1.0
114.6,128.276887,38.36646,4418.4524280000005,108.46,-2.812,37.875,1.0
114.7,128.277216,38.366781,4415.2947,108.782,-2.92,37.971,1.0
114.8,128.277545,38.367102,4412.0467512,109.102,-3.029,38.067,1.0
114.9,128.277875,38.367422,4408.7085816,109.421,-3.139,38.163,1.0
115.0,128.278205,38.367743,4405.2792768,109.739,-3.249,38.259,1.0
115.1,128.278537,38.368062,4401.758836800001,110.055,-3.359,38.354,1.0
115.2,128.278869,38.368382,4398.146652,110.371,-3.471,38.449,1.0
115.3,128.279202,38.368701,4394.4421128,110.686,-3.582,38.545,1.0
115.4,128.279535,38.36902,4390.644914400001,110.999,-3.694,38.639,1.0
115.5,128.279869,38.369338,4386.755056800001,111.311,-3.807,38.734,1.0
115.6,128.280204,38.369656,4382.7716256,111.622,-3.92,38.828,1.0
115.7,128.28054,38.369974,4378.6946208,111.932,-4.033,38.923,1.0
115.8,128.280876,38.370291,4374.523128000001,112.24,-4.147,39.017,1.0
115.9,128.281213,38.370608,4370.257452,112.548,-4.262,39.11,1.0
116.0,128.281551,38.370925,4365.8963736000005,112.854,-4.377,39.204,1.0
116.1,128.281889,38.371241,4361.4401976,113.159,-4.492,39.297,1.0
116.2,128.282228,38.371557,4356.8883144,113.462,-4.608,39.39,1.0
116.3,128.282568,38.371872,4352.2401144000005,113.765,-4.724,39.483,1.0
116.4,128.282908,38.372187,4347.4955976,114.066,-4.841,39.576,1.0
116.5,128.283249,38.372502,4342.6541544,114.366,-4.958,39.668,1.0
116.6,128.283591,38.372817,4337.7151752,114.664,-5.076,39.76,1.0
116.7,128.283933,38.373131,4332.6786600000005,114.962,-5.194,39.852,1.0
116.8,128.284276,38.373444,4327.544304,115.258,-5.312,39.944,1.0
116.9,128.28462,38.373758,4322.3111928,115.552,-5.431,40.035,1.0
117.0,128.284964,38.374071,4316.9796312,115.846,-5.551,40.127,1.0
117.1,128.285309,38.374383,4311.5487048,116.138,-5.671,40.218,1.0
117.2,128.285655,38.374696,4306.0184136,116.429,-5.791,40.308,1.0
117.3,128.286001,38.375008,4300.3878432,116.718,-5.911,40.399,1.0
117.4,128.286348,38.375319,4294.6572984,117.006,-6.033,40.489,1.0
117.5,128.286696,38.37563,4288.8261696,117.293,-6.154,40.579,1.0
117.6,128.287044,38.375941,4282.894152,117.578,-6.276,40.669,1.0
117.7,128.287393,38.376251,4276.860636,117.862,-6.398,40.759,1.0
117.8,128.287743,38.376561,4270.7256216,118.145,-6.521,40.848,1.0
117.9,128.288093,38.376871,4264.4884992,118.426,-6.644,40.937,1.0
118.0,128.288444,38.37718,4258.148964,118.706,-6.767,41.026,1.0
118.1,128.288795,38.377489,4251.7067112,118.985,-6.891,41.115,1.0
118.2,128.289147,38.377798,4245.161436,119.262,-7.015,41.203,1.0
118.3,128.2895,38.378106,4238.5125288,119.538,-7.14,41.291,1.0
118.4,128.289853,38.378414,4231.7602944,119.812,-7.264,41.379,1.0
118.5,128.290207,38.378721,4224.9038184,120.085,-7.39,41.467,1.0
118.6,128.290562,38.379028,4217.942796,120.357,-7.515,41.554,1.0
118.7,128.290917,38.379335,4210.877227200001,120.627,-7.641,41.641,1.0
118.8,128.291273,38.379641,4203.7065024,120.896,-7.768,41.728,1.0
118.9,128.291629,38.379947,4196.430316800001,121.163,-7.894,41.815,1.0
119.0,128.291986,38.380253,4189.048365600001,121.429,-8.021,41.902,1.0
119.1,128.292344,38.380558,4181.5606488,121.693,-8.148,41.988,1.0
119.2,128.292702,38.380863,4173.966252,121.957,-8.276,42.074,1.0
119.3,128.29306,38.381167,4166.26548,122.218,-8.404,42.16,1.0
119.4,128.29342,38.381471,4158.4574184,122.478,-8.532,42.245,1.0
119.5,128.29378,38.381775,4150.542372,122.737,-8.661,42.33,1.0
119.6,128.29414,38.382078,4142.5197312,122.995,-8.79,42.415,1.0
119.7,128.294501,38.382381,4134.3888864,123.251,-8.919,42.5,1.0
119.8,128.294863,38.382683,4126.1501424,123.505,-9.049,42.585,1.0
119.9,128.295225,38.382985,4117.802584800001,123.758,-9.179,42.669,1.0
120.0,128.295588,38.383287,4109.346518400001,124.01,-9.309,42.753,1.0
120.1,128.295951,38.383588,4100.7810288,124.26,-9.439,42.837,1.0
120.2,128.296315,38.383889,4092.1064208000003,124.509,-9.57,42.921,1.0
120.3,128.29668,38.38419,4083.3220848000005,124.756,-9.701,43.004,1.0
120.4,128.297045,38.38449,4074.427716,125.002,-9.832,43.088,1.0
120.5,128.29741,38.38479,4065.4230096,125.246,-9.964,43.17,1.0
120.6,128.297776,38.385089,4056.3079656,125.489,-10.095,43.253,1.0
120.7,128.298143,38.385388,4047.0819744,125.731,-10.228,43.336,1.0
120.8,128.29851,38.385687,4037.7447312,125.971,-10.36,43.418,1.0
120.9,128.298878,38.385985,4028.296236,126.21,-10.493,43.5,1.0
121.0,128.299246,38.386283,4018.7361840000003,126.447,-10.625,43.582,1.0
121.1,128.299615,38.38658,4009.0639656000003,126.683,-10.759,43.663,1.0
121.2,128.299984,38.386877,3999.2798856,126.917,-10.892,43.745,1.0
121.3,128.300354,38.387174,3989.3830296,127.15,-11.026,43.826,1.0
121.4,128.300725,38.38747,3979.3737024,127.381,-11.16,43.907,1.0
121.5,128.301096,38.387766,3969.2509896000006,127.611,-11.294,43.988,1.0
121.6,128.301467,38.388061,3959.0155008000006,127.84,-11.428,44.068,1.0
121.7,128.301839,38.388356,3948.6663215999997,128.067,-11.563,44.148,1.0
121.8,128.302211,38.388651,3938.203452,128.293,-11.697,44.229,1.0
121.9,128.302584,38.388945,3927.6262824000005,128.517,-11.832,44.308,1.0
122.0,128.302958,38.389239,3916.9351176,128.74,-11.968,44.388,1.0
122.1,128.303332,38.389532,3906.1293480000004,128.961,-12.103,44.467,1.0
122.2,128.303706,38.389825,3895.2089736000003,129.181,-12.239,44.547,1.0
122.3,128.304081,38.390118,3884.1736896,129.4,-12.375,44.626,1.0
122.4,128.304457,38.39041,3873.0228864,129.617,-12.511,44.705,1.0
122.5,128.304832,38.390702,3861.7568688,129.833,-12.647,44.783,1.0
122.6,128.305209,38.390993,3850.3750272,130.047,-12.784,44.862,1.0
122.7,128.305586,38.391284,3838.8773616000003,130.26,-12.921,44.94,1.0
122.8,128.305963,38.391574,3827.2635672,130.471,-13.058,45.018,1.0
122.9,128.306341,38.391864,3815.5333392000002,130.681,-13.195,45.096,1.0
123.0,128.306719,38.392154,3803.6863728000003,130.89,-13.332,45.173,1.0
123.1,128.307098,38.392443,3791.7229728,131.097,-13.469,45.251,1.0
123.2,128.307477,38.392732,3779.6422248000003,131.303,-13.607,45.328,1.0
123.3,128.307857,38.393021,3767.4441288,131.507,-13.745,45.405,1.0
123.4,128.308237,38.393309,3755.1286848000004,131.711,-13.883,45.482,1.0
123.5,128.308617,38.393596,3742.695588,131.912,-14.021,45.558,1.0
123.6,128.308998,38.393884,3730.1445336,132.112,-14.16,45.635,1.0
123.7,128.309379,38.39417,3717.4755216,132.311,-14.298,45.711,1.0
123.8,128.309761,38.394457,3704.6882472,132.509,-14.437,45.787,1.0
123.9,128.310144,38.394743,3691.7821008000005,132.705,-14.576,45.863,1.0
124.0,128.310526,38.395028,3678.7576920000006,132.9,-14.715,45.939,1.0
124.1,128.310909,38.395313,3665.6141064000003,133.093,-14.854,46.014,1.0
124.2,128.311293,38.395598,3652.3516488000005,133.285,-14.993,46.089,1.0
124.3,128.311677,38.395882,3638.9697096000004,133.476,-15.133,46.165,1.0
124.4,128.312061,38.396166,3625.4682888,133.665,-15.273,46.24,1.0
124.5,128.312446,38.396449,3611.8473864000002,133.853,-15.412,46.314,1.0
124.6,128.312831,38.396732,3598.1063928,134.04,-15.552,46.389,1.0
124.7,128.313217,38.397015,3584.2456128,134.225,-15.692,46.464,1.0
124.8,128.313603,38.397297,3570.2644368,134.409,-15.833,46.538,1.0
124.9,128.313989,38.397578,3556.1628648,134.591,-15.973,46.612,1.0
125.0,128.314376,38.397859,3541.9408968,134.773,-16.114,46.686,1.0
125.1,128.314763,38.39814,3527.5982280000003,134.953,-16.254,46.76,1.0
125.2,128.31515,38.39842,3513.1345536,135.131,-16.395,46.834,1.0
125.3,128.315538,38.3987,3498.5498736000004,135.309,-16.536,46.907,1.0
125.4,128.315926,38.39898,3483.8438832,135.485,-16.677,46.981,1.0
125.5,128.316315,38.399259,3469.0165824000005,135.659,-16.818,47.054,1.0
125.6,128.316704,38.399537,3454.0676664000002,135.833,-16.959,47.127,1.0
125.7,128.317093,38.399815,3438.9968304000004,136.005,-17.101,47.2,1.0
125.8,128.317483,38.400093,3423.8043792000003,136.176,-17.242,47.273,1.0
125.9,128.317873,38.40037,3408.4900079999998,136.345,-17.384,47.345,1.0
126.0,128.318263,38.400647,3393.053412,136.513,-17.526,47.418,1.0
126.1,128.318654,38.400923,3377.4945912000003,136.68,-17.667,47.49,1.0
126.2,128.319045,38.401199,3361.8129360000003,136.846,-17.809,47.562,1.0
126.3,128.319437,38.401474,3346.009056,137.011,-17.951,47.634,1.0
126.4,128.319828,38.401749,3330.0823416000003,137.174,-18.093,47.706,1.0
126.5,128.32022,38.402024,3314.0327928,137.336,-18.236,47.778,1.0
126.6,128.320613,38.402298,3297.8601048,137.496,-18.378,47.85,1.0
126.7,128.321005,38.402571,3281.5645824000003,137.656,-18.521,47.921,1.0
126.8,128.321399,38.402844,3265.1456160000002,137.814,-18.663,47.993,1.0
126.9,128.321792,38.403117,3248.6032056000004,137.971,-18.806,48.064,1.0
127.0,128.322185,38.403389,3231.9373511999997,138.127,-18.948,48.135,1.0
127.1,128.322579,38.403661,3215.1477480000003,138.281,-19.091,48.206,1.0
127.2,128.322974,38.403932,3198.2343960000003,138.435,-19.234,48.277,1.0
127.3,128.323368,38.404203,3181.1972952,138.587,-19.377,48.348,1.0
127.4,128.323763,38.404473,3164.0364456,138.738,-19.52,48.418,1.0
127.5,128.324158,38.404743,3146.7512376,138.887,-19.663,48.489,1.0
127.6,128.324554,38.405012,3129.3416712000003,139.036,-19.807,48.559,1.0
127.7,128.324949,38.405281,3111.8080511999997,139.183,-19.95,48.63,1.0
127.8,128.325345,38.405549,3094.1500728,139.329,-20.093,48.7,1.0
127.9,128.325741,38.405817,3076.3674312,139.475,-20.237,48.77,1.0
128.0,128.326138,38.406085,3058.4601264,139.618,-20.38,48.84,1.0
128.1,128.326535,38.406352,3040.4281584,139.761,-20.524,48.91,1.0
128.2,128.326932,38.406618,3022.2715272,139.903,-20.668,48.98,1.0
128.3,128.327329,38.406884,3003.9899280000004,140.043,-20.811,49.05,1.0
128.4,128.327726,38.407149,2985.5833608,140.183,-20.955,49.12,1.0
128.5,128.328124,38.407414,2967.0518256000005,140.321,-21.099,49.189,1.0
128.6,128.328522,38.407679,2948.3950176,140.459,-21.243,49.259,1.0
128.7,128.32892,38.407943,2929.6129368,140.595,-21.387,49.329,1.0
128.8,128.329319,38.408206,2910.7055832,140.73,-21.531,49.398,1.0
128.9,128.329717,38.408469,2891.672652,140.863,-21.675,49.468,1.0
129.0,128.330116,38.408732,2872.5144480000004,140.991,-21.82,49.537,1.0
129.1,128.330515,38.408994,2853.2303616000004,141.112,-21.967,49.604,1.0
129.2,128.330915,38.409256,2833.8210024,141.217,-22.117,49.668,1.0
129.3,128.331314,38.409517,2814.2857608,141.297,-22.273,49.725,1.0
129.4,128.331714,38.409777,2794.6249416000005,141.33,-22.439,49.768,1.0
129.5,128.332114,38.410037,2774.8425072000005,141.289,-22.621,49.787,1.0
129.6,128.332514,38.410297,2754.936324,141.285,-22.782,49.826,1.0
129.7,128.332914,38.410556,2734.9060872000005,141.49,-22.925,49.885,1.0
129.8,128.333315,38.410814,2714.7496632,141.64,-23.069,49.934,1.0
129.9,128.333716,38.411073,2694.4649184,141.752,-23.21,49.984,1.0
130.0,128.334116,38.41133,2674.0521576,141.861,-23.346,50.037,1.0
130.1,128.334517,38.411587,2653.5126,141.986,-23.474,50.101,1.0
130.2,128.334918,38.411844,2632.8447216,142.173,-23.58,50.2,1.0
130.3,128.335319,38.4121,2612.050656,142.491,-23.704,50.277,1.0
130.4,128.33572,38.412355,2591.1325368000003,142.655,-23.836,50.35,1.0
130.5,128.336121,38.41261,2570.0879256000003,142.846,-23.954,50.44,1.0
130.6,128.336522,38.412865,2548.915908,143.102,-24.092,50.489,1.0
130.7,128.336923,38.413119,2527.6161792000003,143.202,-24.243,50.543,1.0
130.8,128.337325,38.413372,2506.1914824000005,143.236,-24.436,50.647,1.0
130.9,128.337726,38.413625,2484.6433416,143.264,-24.666,50.782,1.0
131.0,128.338127,38.413877,2462.9732808000003,143.312,-24.833,50.859,1.0
131.1,128.338528,38.414129,2441.1831288000003,143.432,-24.828,50.781,1.0
131.2,128.33893,38.41438,2419.2667896000003,143.548,-24.879,50.751,1.0
131.3,128.339331,38.414631,2397.235236,143.503,-25.345,51.078,1.0
131.4,128.339732,38.414881,2375.0973072,143.7,-25.109,50.81,1.0
131.5,128.340133,38.415131,2352.8267904,143.663,-25.581,51.137,1.0
131.6,128.340534,38.41538,2330.445936,143.751,-25.606,51.096,1.0
131.7,128.340935,38.415628,2307.9285312,143.876,-25.612,51.032,1.0
131.8,128.341336,38.415877,2285.3251728,143.823,-26.049,51.333,1.0
131.9,128.341737,38.416124,2262.5331432000003,143.836,-26.356,51.523,1.0
132.0,128.342137,38.41637,2239.646016,144.122,-25.798,51.001,1.0
132.1,128.342538,38.416616,2216.6424552,143.94,-26.689,51.674,1.0
132.2,128.342938,38.416862,2193.5569032,144.377,-25.727,50.819,1.0
132.3,128.343338,38.417107,2170.3991136,144.088,-26.906,51.728,1.0
132.4,128.343738,38.417353,2147.1443976,144.479,-26.076,50.983,1.0
132.5,128.344138,38.417597,2123.7830016000003,144.109,-27.424,52.036,1.0
132.6,128.344538,38.417841,2100.3021240000003,144.691,-26.066,50.86,1.0
132.7,128.344937,38.418085,2076.756324,144.114,-27.968,52.367,1.0
132.8,128.345337,38.418327,2052.9444336,144.435,-27.402,51.833,1.0
132.9,128.345736,38.418569,2029.0932240000002,144.837,-26.61,51.134,1.0
133.0,128.346135,38.41881,2005.151184,144.33,-28.309,52.474,1.0
133.1,128.346534,38.419051,1981.0954536000002,145.163,-26.415,50.88,1.0
133.2,128.346933,38.419293,1957.0610592,144.733,-28.05,52.172,1.0
133.3,128.347331,38.419533,1932.8535384,145.094,-27.62,51.695,1.0
133.4,128.347729,38.419773,1908.6338256,145.208,-27.433,51.469,1.0
133.5,128.348127,38.420013,1884.233976,144.281,-29.687,53.164,1.0
133.6,128.348525,38.420251,1859.633568,145.058,-26.996,50.856,1.0
133.7,128.348922,38.42049,1835.1453264000002,144.568,-28.086,51.583,1.0
133.8,128.34932,38.420728,1810.4851776000003,143.661,-29.554,52.729,1.0
133.9,128.349717,38.420965,1785.7582776000002,144.894,-26.139,50.02,1.0
134.0,128.350113,38.421205,1761.2746080000002,144.447,-28.163,51.586,1.0
134.1,128.350509,38.421443,1736.5428312000001,144.319,-30.424,53.614,1.0
134.2,128.350905,38.42168,1711.6254312000003,146.334,-26.958,50.721,1.0
134.3,128.3513,38.421919,1686.9046272,146.16,-28.396,51.788,1.0
134.4,128.351696,38.422156,1661.9732064,145.114,-30.37,53.014,1.0
134.5,128.352091,38.422392,1636.8945672000002,145.993,-26.86,50.156,1.0
134.6,128.352485,38.42263,1612.0268495999999,144.89,-28.733,51.483,1.0
134.7,128.35288,38.422866,1586.8918224,143.89,-30.885,53.429,1.0
134.8,128.353273,38.423101,1561.5419112,145.968,-27.391,50.746,1.0
134.9,128.353666,38.423336,1536.3462288,145.938,-29.073,52.134,1.0
135.0,128.354059,38.42357,1510.8917712,145.789,-31.19,53.725,1.0
135.1,128.354452,38.423802,1485.2565672,147.069,-27.671,50.753,1.0
135.2,128.354844,38.424035,1459.8176544,145.971,-29.531,51.914,1.0
135.3,128.355236,38.424267,1434.1065552,144.31,-31.736,53.614,1.0
135.4,128.355627,38.424497,1408.2022128,145.905,-28.171,50.909,1.0
135.5,128.356018,38.424728,1382.4862368000001,146.012,-29.915,52.379,1.0
135.6,128.356408,38.424958,1356.5267256,146.207,-32.037,53.982,1.0
135.7,128.356798,38.425187,1330.4181672000002,147.589,-28.358,50.884,1.0
135.8,128.357188,38.425419,1304.5589352,146.413,-30.14,51.977,1.0
135.9,128.357578,38.425648,1278.4537296,144.691,-32.283,53.618,1.0
136.0,128.357967,38.425876,1252.1723496,146.487,-28.543,51.014,1.0
136.1,128.358356,38.426106,1226.1183504,146.807,-30.328,52.59,1.0
136.2,128.358744,38.426334,1199.8180728,146.705,-32.58,54.068,1.0
136.3,128.359132,38.426561,1173.3513744,147.837,-28.876,50.813,1.0
136.4,128.35952,38.42679,1147.1413176,146.417,-30.735,51.927,1.0
136.5,128.359907,38.427018,1120.7215584,145.033,-32.763,53.8,1.0
136.6,128.360295,38.427246,1094.1670776,147.398,-28.866,50.973,1.0
136.7,128.360681,38.427475,1067.8719816,147.696,-30.646,52.345,1.0
136.8,128.361068,38.427703,1041.3196344,147.154,-32.999,53.696,1.0
136.9,128.361454,38.427929,1014.6228120000001,147.819,-29.227,50.617,1.0
137.0,128.361839,38.428158,988.1823264000001,146.313,-31.123,51.937,1.0
137.1,128.362225,38.428385,961.4647775999999,145.556,-33.161,53.914,1.0
137.2,128.362609,38.428611,934.5631296,148.207,-29.25,51.079,1.0
137.3,128.362994,38.428838,907.9287912,148.382,-31.211,52.451,1.0
137.4,128.363378,38.429064,881.0295816,147.016,-33.681,53.7,1.0
137.5,128.363761,38.429288,853.929204,147.543,-29.721,50.74,1.0
137.6,128.364144,38.429514,827.0924784,146.392,-31.615,52.263,1.0
137.7,128.364526,38.429738,799.976556,146.543,-33.726,54.307,1.0
137.8,128.364908,38.429961,772.6875072,149.233,-29.847,51.225,1.0
137.9,128.36529,38.430186,745.6743024000001,148.667,-31.938,52.377,1.0
138.0,128.365672,38.430409,718.4029320000001,146.522,-34.277,53.831,1.0
138.1,128.366053,38.43063,690.9602639999999,147.598,-30.13,50.934,1.0
138.2,128.366433,38.430855,663.8077656000002,147.425,-31.937,52.616,1.0
138.3,128.366813,38.431077,636.3836904000001,147.976,-34.266,54.273,1.0
138.4,128.367193,38.431298,608.7706392,149.711,-30.395,51.034,1.0
138.5,128.367572,38.43152,581.4258120000001,148.137,-32.608,52.233,1.0
138.6,128.367951,38.43174,553.7670408,146.122,-34.85,54.196,1.0
138.7,128.368329,38.431959,525.9077112000001,148.534,-30.683,51.387,1.0
138.8,128.368706,38.432179,498.30410880000005,149.055,-32.735,52.874,1.0
138.9,128.369083,38.432397,470.38991519999996,148.258,-35.365,54.171,1.0
139.0,128.369459,38.432613,442.27394400000003,148.801,-31.357,51.058,1.0
139.1,128.369835,38.432832,414.4347312,147.12,-33.377,52.691,1.0
139.2,128.37021,38.433048,386.3120544000001,147.201,-35.461,54.793,1.0
139.3,128.370585,38.433263,358.0458168,150.176,-31.277,51.477,1.0
139.4,128.37096,38.433482,330.102972,149.57,-33.439,52.553,1.0
139.5,128.371334,38.433697,301.8961704,147.124,-35.826,54.143,1.0
139.6,128.371707,38.433912,273.53757840000003,148.418,-31.525,51.258,1.0
